file_record,label,value,prob
validate.csv:0,1,1,"[0.015234708786010742, 0.9847652912139893]"
validate.csv:1,1,1,"[0.10650390386581421, 0.8934960961341858]"
validate.csv:2,1,0,"[0.7595421075820923, 0.24045787751674652]"
validate.csv:3,0,0,"[0.811994194984436, 0.18800579011440277]"
validate.csv:4,0,1,"[0.31675106287002563, 0.6832489371299744]"
validate.csv:5,0,0,"[0.6326316595077515, 0.36736834049224854]"
validate.csv:6,1,1,"[0.13469260931015015, 0.8653073906898499]"
validate.csv:7,1,1,"[0.05372744798660278, 0.9462725520133972]"
validate.csv:8,1,1,"[0.057903409004211426, 0.9420965909957886]"
validate.csv:9,1,1,"[0.016342580318450928, 0.9836574196815491]"
validate.csv:10,1,1,"[0.012776970863342285, 0.9872230291366577]"
validate.csv:11,1,1,"[0.35468757152557373, 0.6453124284744263]"
validate.csv:12,1,1,"[0.268846333026886, 0.731153666973114]"
validate.csv:13,1,1,"[0.0745285153388977, 0.9254714846611023]"
validate.csv:14,1,1,"[0.3722801208496094, 0.6277198791503906]"
validate.csv:15,0,0,"[0.8715195655822754, 0.12848041951656342]"
validate.csv:16,1,1,"[0.09021943807601929, 0.9097805619239807]"
validate.csv:17,0,0,"[0.9365479350090027, 0.06345206499099731]"
validate.csv:18,0,1,"[0.08065497875213623, 0.9193450212478638]"
validate.csv:19,1,1,"[0.02932077646255493, 0.9706792235374451]"
validate.csv:20,1,1,"[0.09326422214508057, 0.9067357778549194]"
validate.csv:21,1,1,"[0.42012614011764526, 0.5798738598823547]"
validate.csv:22,1,1,"[0.030914247035980225, 0.9690857529640198]"
validate.csv:23,0,0,"[0.5481852293014526, 0.45181477069854736]"
validate.csv:24,0,0,"[0.9639438390731812, 0.03605613112449646]"
validate.csv:25,1,0,"[0.8858579397201538, 0.1141420528292656]"
validate.csv:26,0,0,"[0.7248644828796387, 0.27513551712036133]"
validate.csv:27,1,0,"[0.8829131126403809, 0.11708687990903854]"
validate.csv:28,1,1,"[0.06477886438369751, 0.9352211356163025]"
validate.csv:29,1,1,"[0.12394571304321289, 0.8760542869567871]"
validate.csv:30,1,1,"[0.08023220300674438, 0.9197677969932556]"
validate.csv:31,1,0,"[0.7443764209747314, 0.25562354922294617]"
validate.csv:32,1,1,"[0.2158157229423523, 0.7841842770576477]"
validate.csv:33,1,1,"[0.021527767181396484, 0.9784722328186035]"
validate.csv:34,1,0,"[0.8853340148925781, 0.11466601490974426]"
validate.csv:35,0,0,"[0.5097951889038086, 0.490204781293869]"
validate.csv:36,1,1,"[0.050924718379974365, 0.9490752816200256]"
validate.csv:37,1,1,"[0.016971945762634277, 0.9830280542373657]"
validate.csv:38,1,1,"[0.033622026443481445, 0.9663779735565186]"
validate.csv:39,1,0,"[0.6757875680923462, 0.3242124319076538]"
validate.csv:40,1,1,"[0.008966267108917236, 0.9910337328910828]"
validate.csv:41,1,1,"[0.4698216915130615, 0.5301783084869385]"
validate.csv:42,1,1,"[0.1004800796508789, 0.8995199203491211]"
validate.csv:43,1,0,"[0.8982104063034058, 0.10178957134485245]"
validate.csv:44,1,0,"[0.6949560046195984, 0.3050439953804016]"
validate.csv:45,1,1,"[0.40719735622406006, 0.5928026437759399]"
validate.csv:46,1,1,"[0.04260706901550293, 0.9573929309844971]"
validate.csv:47,1,1,"[0.008472084999084473, 0.9915279150009155]"
validate.csv:48,1,1,"[0.1530996561050415, 0.8469003438949585]"
validate.csv:49,0,1,"[0.4244198203086853, 0.5755801796913147]"
validate.csv:50,1,1,"[0.053342998027801514, 0.9466570019721985]"
validate.csv:51,1,1,"[0.018567800521850586, 0.9814321994781494]"
validate.csv:52,1,1,"[0.18105578422546387, 0.8189442157745361]"
validate.csv:53,0,0,"[0.8292705416679382, 0.17072945833206177]"
validate.csv:54,1,1,"[0.023330330848693848, 0.9766696691513062]"
validate.csv:55,0,1,"[0.11431169509887695, 0.885688304901123]"
validate.csv:56,1,1,"[0.02040576934814453, 0.9795942306518555]"
validate.csv:57,1,1,"[0.08498328924179077, 0.9150167107582092]"
validate.csv:58,0,0,"[0.7245730757713318, 0.2754269242286682]"
validate.csv:59,1,1,"[0.41425228118896484, 0.5857477188110352]"
validate.csv:60,1,1,"[0.05023139715194702, 0.949768602848053]"
validate.csv:61,1,1,"[0.08796000480651855, 0.9120399951934814]"
validate.csv:62,0,0,"[0.6593005657196045, 0.3406994640827179]"
validate.csv:63,1,1,"[0.11089557409286499, 0.889104425907135]"
validate.csv:64,1,1,"[0.055824458599090576, 0.9441755414009094]"
validate.csv:65,1,1,"[0.1522844433784485, 0.8477155566215515]"
validate.csv:66,1,1,"[0.13381046056747437, 0.8661895394325256]"
validate.csv:67,1,1,"[0.11902332305908203, 0.880976676940918]"
validate.csv:68,1,1,"[0.019472360610961914, 0.9805276393890381]"
validate.csv:69,1,1,"[0.0350794792175293, 0.9649205207824707]"
validate.csv:70,1,1,"[0.02992492914199829, 0.9700750708580017]"
validate.csv:71,1,0,"[0.6943838596343994, 0.3056161403656006]"
validate.csv:72,1,1,"[0.0655132532119751, 0.9344867467880249]"
validate.csv:73,0,0,"[0.8376679420471191, 0.16233204305171967]"
validate.csv:74,0,0,"[0.9137166142463684, 0.08628339320421219]"
validate.csv:75,1,1,"[0.048748791217803955, 0.951251208782196]"
validate.csv:76,1,1,"[0.2690157890319824, 0.7309842109680176]"
validate.csv:77,0,1,"[0.127313494682312, 0.872686505317688]"
validate.csv:78,1,1,"[0.008446276187896729, 0.9915537238121033]"
validate.csv:79,0,1,"[0.16529858112335205, 0.834701418876648]"
validate.csv:80,0,0,"[0.8271060585975647, 0.1728939265012741]"
validate.csv:81,0,1,"[0.14922690391540527, 0.8507730960845947]"
validate.csv:82,1,1,"[0.24637138843536377, 0.7536286115646362]"
validate.csv:83,1,1,"[0.03204059600830078, 0.9679594039916992]"
validate.csv:84,1,1,"[0.021409034729003906, 0.9785909652709961]"
validate.csv:85,1,1,"[0.061647772789001465, 0.9383522272109985]"
validate.csv:86,1,1,"[0.006515085697174072, 0.9934849143028259]"
validate.csv:87,1,1,"[0.02975010871887207, 0.9702498912811279]"
validate.csv:88,0,0,"[0.9339617490768433, 0.06603826582431793]"
validate.csv:89,1,1,"[0.021894872188568115, 0.9781051278114319]"
validate.csv:90,1,1,"[0.027164220809936523, 0.9728357791900635]"
validate.csv:91,1,1,"[0.020021498203277588, 0.9799785017967224]"
validate.csv:92,1,1,"[0.14204007387161255, 0.8579599261283875]"
validate.csv:93,1,1,"[0.27303510904312134, 0.7269648909568787]"
validate.csv:94,0,0,"[0.6157116889953613, 0.38428834080696106]"
validate.csv:95,0,0,"[0.9083095788955688, 0.09169044345617294]"
validate.csv:96,1,0,"[0.8399120569229126, 0.1600879430770874]"
validate.csv:97,1,1,"[0.03016716241836548, 0.9698328375816345]"
validate.csv:98,0,1,"[0.17290949821472168, 0.8270905017852783]"
validate.csv:99,1,1,"[0.017580389976501465, 0.9824196100234985]"
validate.csv:100,1,1,"[0.021052062511444092, 0.9789479374885559]"
validate.csv:101,1,1,"[0.4121285676956177, 0.5878714323043823]"
validate.csv:102,1,1,"[0.10119962692260742, 0.8988003730773926]"
validate.csv:103,1,1,"[0.00900888442993164, 0.9909911155700684]"
validate.csv:104,1,1,"[0.0779569149017334, 0.9220430850982666]"
validate.csv:105,0,0,"[0.7036399245262146, 0.2963600754737854]"
validate.csv:106,1,1,"[0.3267601728439331, 0.6732398271560669]"
validate.csv:107,0,0,"[0.8386600017547607, 0.16133996844291687]"
validate.csv:108,1,1,"[0.04512447118759155, 0.9548755288124084]"
validate.csv:109,1,0,"[0.6438416838645935, 0.3561583161354065]"
validate.csv:110,0,0,"[0.5561687350273132, 0.44383126497268677]"
validate.csv:111,1,1,"[0.17031359672546387, 0.8296864032745361]"
validate.csv:112,0,1,"[0.15619999170303345, 0.8438000082969666]"
validate.csv:113,0,0,"[0.8915908336639404, 0.10840918123722076]"
validate.csv:114,1,1,"[0.07305598258972168, 0.9269440174102783]"
validate.csv:115,1,1,"[0.11824971437454224, 0.8817502856254578]"
validate.csv:116,0,0,"[0.8560250997543335, 0.1439748853445053]"
validate.csv:117,1,1,"[0.1796969175338745, 0.8203030824661255]"
validate.csv:118,1,1,"[0.10774755477905273, 0.8922524452209473]"
validate.csv:119,1,1,"[0.03121507167816162, 0.9687849283218384]"
validate.csv:120,1,1,"[0.0905294418334961, 0.9094705581665039]"
validate.csv:121,0,0,"[0.716966450214386, 0.283033549785614]"
validate.csv:122,1,1,"[0.07305300235748291, 0.9269469976425171]"
validate.csv:123,0,0,"[0.9390984177589417, 0.06090158596634865]"
validate.csv:124,1,1,"[0.0165291428565979, 0.9834708571434021]"
validate.csv:125,1,1,"[0.06746524572372437, 0.9325347542762756]"
validate.csv:126,0,0,"[0.7525232434272766, 0.2474767416715622]"
validate.csv:127,0,0,"[0.7364628314971924, 0.26353713870048523]"
validate.csv:128,1,1,"[0.03582710027694702, 0.964172899723053]"
validate.csv:129,0,0,"[0.8996001482009888, 0.10039985924959183]"
validate.csv:130,0,1,"[0.2316703200340271, 0.7683296799659729]"
validate.csv:131,1,1,"[0.01294088363647461, 0.9870591163635254]"
validate.csv:132,1,1,"[0.028138279914855957, 0.971861720085144]"
validate.csv:133,1,1,"[0.031080782413482666, 0.9689192175865173]"
validate.csv:134,0,0,"[0.8338504433631897, 0.1661495566368103]"
validate.csv:135,1,1,"[0.1591205596923828, 0.8408794403076172]"
validate.csv:136,1,1,"[0.11009383201599121, 0.8899061679840088]"
validate.csv:137,1,1,"[0.06473511457443237, 0.9352648854255676]"
validate.csv:138,1,1,"[0.02044123411178589, 0.9795587658882141]"
validate.csv:139,1,1,"[0.004989266395568848, 0.9950107336044312]"
validate.csv:140,1,1,"[0.015576779842376709, 0.9844232201576233]"
validate.csv:141,1,1,"[0.01070934534072876, 0.9892906546592712]"
validate.csv:142,0,0,"[0.9392067193984985, 0.060793258249759674]"
validate.csv:143,0,0,"[0.7004069089889526, 0.29959309101104736]"
validate.csv:144,0,1,"[0.037451088428497314, 0.9625489115715027]"
validate.csv:145,1,0,"[0.9018250703811646, 0.09817495197057724]"
validate.csv:146,0,1,"[0.11114627122879028, 0.8888537287712097]"
validate.csv:147,1,1,"[0.1760495901107788, 0.8239504098892212]"
validate.csv:148,0,1,"[0.22269296646118164, 0.7773070335388184]"
validate.csv:149,1,0,"[0.8570569753646851, 0.14294299483299255]"
validate.csv:150,0,1,"[0.49899351596832275, 0.5010064840316772]"
validate.csv:151,1,1,"[0.07667315006256104, 0.923326849937439]"
validate.csv:152,0,0,"[0.9125960469245911, 0.08740393817424774]"
validate.csv:153,1,1,"[0.3001941442489624, 0.6998058557510376]"
validate.csv:154,1,1,"[0.22284084558486938, 0.7771591544151306]"
validate.csv:155,0,0,"[0.9389680027961731, 0.0610320046544075]"
validate.csv:156,1,1,"[0.21116095781326294, 0.7888390421867371]"
validate.csv:157,1,1,"[0.04513734579086304, 0.954862654209137]"
validate.csv:158,0,1,"[0.4130464792251587, 0.5869535207748413]"
validate.csv:159,0,0,"[0.8998466730117798, 0.10015331208705902]"
validate.csv:160,0,0,"[0.7317167520523071, 0.26828324794769287]"
validate.csv:161,0,0,"[0.7441498041152954, 0.255850225687027]"
validate.csv:162,0,0,"[0.8589073419570923, 0.14109262824058533]"
validate.csv:163,0,0,"[0.9360731244087219, 0.06392689049243927]"
validate.csv:164,1,1,"[0.27226901054382324, 0.7277309894561768]"
validate.csv:165,1,1,"[0.16157442331314087, 0.8384255766868591]"
validate.csv:166,0,1,"[0.029358386993408203, 0.9706416130065918]"
validate.csv:167,1,1,"[0.14198839664459229, 0.8580116033554077]"
validate.csv:168,1,1,"[0.14297348260879517, 0.8570265173912048]"
validate.csv:169,1,1,"[0.09810048341751099, 0.901899516582489]"
validate.csv:170,0,0,"[0.7473706007003784, 0.2526293992996216]"
validate.csv:171,0,0,"[0.8148977160453796, 0.18510226905345917]"
validate.csv:172,1,0,"[0.8644423484802246, 0.13555768132209778]"
validate.csv:173,0,1,"[0.02638709545135498, 0.973612904548645]"
validate.csv:174,1,1,"[0.20006340742111206, 0.7999365925788879]"
validate.csv:175,1,1,"[0.14077144861221313, 0.8592285513877869]"
validate.csv:176,1,1,"[0.39857834577560425, 0.6014216542243958]"
validate.csv:177,1,0,"[0.8471918106079102, 0.15280821919441223]"
validate.csv:178,1,0,"[0.7390143871307373, 0.2609856128692627]"
validate.csv:179,0,0,"[0.8726557493209839, 0.12734422087669373]"
validate.csv:180,1,1,"[0.384796142578125, 0.615203857421875]"
validate.csv:181,0,0,"[0.7739042639732361, 0.2260957509279251]"
validate.csv:182,0,0,"[0.5965924263000488, 0.4034075438976288]"
validate.csv:183,1,1,"[0.237291157245636, 0.762708842754364]"
validate.csv:184,0,1,"[0.15382468700408936, 0.8461753129959106]"
validate.csv:185,0,0,"[0.864526093006134, 0.13547389209270477]"
validate.csv:186,0,1,"[0.33196336030960083, 0.6680366396903992]"
validate.csv:187,0,1,"[0.23727178573608398, 0.762728214263916]"
validate.csv:188,1,1,"[0.06092798709869385, 0.9390720129013062]"
validate.csv:189,1,1,"[0.057005345821380615, 0.9429946541786194]"
validate.csv:190,1,0,"[0.5360390543937683, 0.4639609456062317]"
validate.csv:191,1,1,"[0.1100083589553833, 0.8899916410446167]"
validate.csv:192,0,0,"[0.7721989154815674, 0.2278010994195938]"
validate.csv:193,1,1,"[0.14704859256744385, 0.8529514074325562]"
validate.csv:194,1,1,"[0.11423736810684204, 0.885762631893158]"
validate.csv:195,0,0,"[0.7884827852249146, 0.21151724457740784]"
validate.csv:196,0,0,"[0.7181377410888672, 0.2818622291088104]"
validate.csv:197,1,1,"[0.3203212022781372, 0.6796787977218628]"
validate.csv:198,1,1,"[0.04567360877990723, 0.9543263912200928]"
validate.csv:199,1,1,"[0.05007779598236084, 0.9499222040176392]"
validate.csv:200,1,1,"[0.10281598567962646, 0.8971840143203735]"
validate.csv:201,1,1,"[0.024988293647766113, 0.9750117063522339]"
validate.csv:202,0,0,"[0.8222731947898865, 0.17772679030895233]"
validate.csv:203,1,1,"[0.0259740948677063, 0.9740259051322937]"
validate.csv:204,1,1,"[0.12576037645339966, 0.8742396235466003]"
validate.csv:205,1,1,"[0.17550736665725708, 0.8244926333427429]"
validate.csv:206,1,1,"[0.3654676079750061, 0.6345323920249939]"
validate.csv:207,0,0,"[0.7424401044845581, 0.2575598955154419]"
validate.csv:208,0,0,"[0.8342015743255615, 0.1657983958721161]"
validate.csv:209,1,1,"[0.13147330284118652, 0.8685266971588135]"
validate.csv:210,0,0,"[0.8557633757591248, 0.14423662424087524]"
validate.csv:211,0,0,"[0.8582368493080139, 0.14176315069198608]"
validate.csv:212,0,0,"[0.9402631521224976, 0.05973682925105095]"
validate.csv:213,0,0,"[0.7985139489173889, 0.20148606598377228]"
validate.csv:214,1,1,"[0.23548632860183716, 0.7645136713981628]"
validate.csv:215,0,0,"[0.8669847249984741, 0.13301527500152588]"
validate.csv:216,0,0,"[0.9434899687767029, 0.05651000514626503]"
validate.csv:217,1,1,"[0.14334475994110107, 0.8566552400588989]"
validate.csv:218,1,1,"[0.2601965069770813, 0.7398034930229187]"
validate.csv:219,1,1,"[0.12924963235855103, 0.870750367641449]"
validate.csv:220,1,1,"[0.3721410036087036, 0.6278589963912964]"
validate.csv:221,1,1,"[0.29764366149902344, 0.7023563385009766]"
validate.csv:222,0,0,"[0.8491480946540833, 0.15085190534591675]"
validate.csv:223,1,0,"[0.5230675339698792, 0.47693246603012085]"
validate.csv:224,1,1,"[0.1315435767173767, 0.8684564232826233]"
validate.csv:225,0,0,"[0.5776726007461548, 0.4223273992538452]"
validate.csv:226,0,0,"[0.7432495951652527, 0.2567504048347473]"
validate.csv:227,1,1,"[0.45599937438964844, 0.5440006256103516]"
validate.csv:228,1,1,"[0.4326462149620056, 0.5673537850379944]"
validate.csv:229,0,0,"[0.6816407442092896, 0.31835922598838806]"
validate.csv:230,0,0,"[0.8319687247276306, 0.16803127527236938]"
validate.csv:231,1,0,"[0.8235833644866943, 0.17641666531562805]"
validate.csv:232,1,1,"[0.49918729066848755, 0.5008127093315125]"
validate.csv:233,0,1,"[0.4802998900413513, 0.5197001099586487]"
validate.csv:234,1,1,"[0.2149449586868286, 0.7850550413131714]"
validate.csv:235,0,0,"[0.8611472249031067, 0.1388527750968933]"
validate.csv:236,1,1,"[0.4186241626739502, 0.5813758373260498]"
validate.csv:237,1,1,"[0.03371196985244751, 0.9662880301475525]"
validate.csv:238,1,1,"[0.3605659008026123, 0.6394340991973877]"
validate.csv:239,0,1,"[0.07450532913208008, 0.9254946708679199]"
validate.csv:240,1,1,"[0.237504243850708, 0.762495756149292]"
validate.csv:241,1,1,"[0.017705798149108887, 0.9822942018508911]"
validate.csv:242,1,1,"[0.060649573802948, 0.939350426197052]"
validate.csv:243,1,1,"[0.112155020236969, 0.887844979763031]"
validate.csv:244,1,1,"[0.11184906959533691, 0.8881509304046631]"
validate.csv:245,0,1,"[0.021003007888793945, 0.978996992111206]"
validate.csv:246,0,0,"[0.9466574788093567, 0.053342510014772415]"
validate.csv:247,1,1,"[0.07915681600570679, 0.9208431839942932]"
validate.csv:248,1,1,"[0.11281239986419678, 0.8871876001358032]"
validate.csv:249,1,1,"[0.05401766300201416, 0.9459823369979858]"
validate.csv:250,1,1,"[0.10246914625167847, 0.8975308537483215]"
validate.csv:251,1,1,"[0.06665438413619995, 0.9333456158638]"
validate.csv:252,1,1,"[0.03960692882537842, 0.9603930711746216]"
validate.csv:253,1,1,"[0.2890072464942932, 0.7109927535057068]"
validate.csv:254,1,0,"[0.6470261812210083, 0.3529738187789917]"
validate.csv:255,1,0,"[0.7222926616668701, 0.27770736813545227]"
validate.csv:256,1,1,"[0.21278077363967896, 0.787219226360321]"
validate.csv:257,0,0,"[0.8943967223167419, 0.10560327768325806]"
validate.csv:258,1,1,"[0.04349023103713989, 0.9565097689628601]"
validate.csv:259,1,1,"[0.4233514666557312, 0.5766485333442688]"
validate.csv:260,1,1,"[0.13284927606582642, 0.8671507239341736]"
validate.csv:261,1,1,"[0.017377734184265137, 0.9826222658157349]"
validate.csv:262,1,1,"[0.12982767820358276, 0.8701723217964172]"
validate.csv:263,1,1,"[0.16219550371170044, 0.8378044962882996]"
validate.csv:264,1,1,"[0.019133031368255615, 0.9808669686317444]"
validate.csv:265,1,1,"[0.013237535953521729, 0.9867624640464783]"
validate.csv:266,1,1,"[0.03333866596221924, 0.9666613340377808]"
validate.csv:267,1,0,"[0.6187601089477539, 0.3812399208545685]"
validate.csv:268,1,1,"[0.03681081533432007, 0.9631891846656799]"
validate.csv:269,0,0,"[0.8561394810676575, 0.14386050403118134]"
validate.csv:270,1,1,"[0.08465635776519775, 0.9153436422348022]"
validate.csv:271,1,1,"[0.09672725200653076, 0.9032727479934692]"
validate.csv:272,0,0,"[0.6980231404304504, 0.30197685956954956]"
validate.csv:273,1,1,"[0.06489753723144531, 0.9351024627685547]"
validate.csv:274,1,1,"[0.06205850839614868, 0.9379414916038513]"
validate.csv:275,0,0,"[0.9399915933609009, 0.06000841408967972]"
validate.csv:276,0,0,"[0.8107595443725586, 0.1892404705286026]"
validate.csv:277,1,1,"[0.20105254650115967, 0.7989474534988403]"
validate.csv:278,1,1,"[0.02727651596069336, 0.9727234840393066]"
validate.csv:279,0,0,"[0.7702735662460327, 0.22972646355628967]"
validate.csv:280,1,0,"[0.6140610575675964, 0.38593894243240356]"
validate.csv:281,1,1,"[0.019839584827423096, 0.9801604151725769]"
validate.csv:282,1,1,"[0.014750421047210693, 0.9852495789527893]"
validate.csv:283,1,1,"[0.028241276741027832, 0.9717587232589722]"
validate.csv:284,1,1,"[0.08803457021713257, 0.9119654297828674]"
validate.csv:285,1,1,"[0.07430911064147949, 0.9256908893585205]"
validate.csv:286,0,1,"[0.32757002115249634, 0.6724299788475037]"
validate.csv:287,0,0,"[0.7980300188064575, 0.20197001099586487]"
validate.csv:288,1,1,"[0.12791293859481812, 0.8720870614051819]"
validate.csv:289,0,0,"[0.8498296141624451, 0.15017038583755493]"
validate.csv:290,1,1,"[0.030624210834503174, 0.9693757891654968]"
validate.csv:291,1,1,"[0.04442876577377319, 0.9555712342262268]"
validate.csv:292,0,0,"[0.6315854787826538, 0.3684144914150238]"
validate.csv:293,1,1,"[0.11104118824005127, 0.8889588117599487]"
validate.csv:294,0,1,"[0.03955656290054321, 0.9604434370994568]"
validate.csv:295,0,1,"[0.284246563911438, 0.715753436088562]"
validate.csv:296,1,1,"[0.009083092212677002, 0.990916907787323]"
validate.csv:297,1,1,"[0.05503803491592407, 0.9449619650840759]"
validate.csv:298,1,1,"[0.25054192543029785, 0.7494580745697021]"
validate.csv:299,1,1,"[0.01561349630355835, 0.9843865036964417]"
validate.csv:300,1,1,"[0.023200571537017822, 0.9767994284629822]"
validate.csv:301,1,1,"[0.08328688144683838, 0.9167131185531616]"
validate.csv:302,0,1,"[0.313265860080719, 0.686734139919281]"
validate.csv:303,0,0,"[0.8854060173034668, 0.11459401249885559]"
validate.csv:304,0,1,"[0.45625805854797363, 0.5437419414520264]"
validate.csv:305,0,0,"[0.7193326950073242, 0.2806672751903534]"
validate.csv:306,1,1,"[0.02962249517440796, 0.970377504825592]"
validate.csv:307,1,1,"[0.46951955556869507, 0.5304804444313049]"
validate.csv:308,1,1,"[0.04536128044128418, 0.9546387195587158]"
validate.csv:309,1,1,"[0.09917253255844116, 0.9008274674415588]"
validate.csv:310,1,1,"[0.025671005249023438, 0.9743289947509766]"
validate.csv:311,0,1,"[0.12810075283050537, 0.8718992471694946]"
validate.csv:312,1,1,"[0.040215909481048584, 0.9597840905189514]"
validate.csv:313,0,1,"[0.19086319208145142, 0.8091368079185486]"
validate.csv:314,1,1,"[0.3419216275215149, 0.6580783724784851]"
validate.csv:315,1,1,"[0.09513264894485474, 0.9048673510551453]"
validate.csv:316,0,1,"[0.4253712296485901, 0.5746287703514099]"
validate.csv:317,0,0,"[0.7625853419303894, 0.2374146729707718]"
validate.csv:318,1,1,"[0.2007158398628235, 0.7992841601371765]"
validate.csv:319,1,1,"[0.027281224727630615, 0.9727187752723694]"
validate.csv:320,1,0,"[0.6547962427139282, 0.3452037274837494]"
validate.csv:321,0,1,"[0.13473045825958252, 0.8652695417404175]"
validate.csv:322,1,1,"[0.06211745738983154, 0.9378825426101685]"
validate.csv:323,1,1,"[0.33604878187179565, 0.6639512181282043]"
validate.csv:324,0,0,"[0.782150149345398, 0.21784986555576324]"
validate.csv:325,1,0,"[0.5094810724258423, 0.4905189573764801]"
validate.csv:326,1,1,"[0.073525071144104, 0.926474928855896]"
validate.csv:327,1,1,"[0.14767301082611084, 0.8523269891738892]"
validate.csv:328,1,1,"[0.17405778169631958, 0.8259422183036804]"
validate.csv:329,0,0,"[0.638245701789856, 0.36175429821014404]"
validate.csv:330,0,1,"[0.48553210496902466, 0.5144678950309753]"
validate.csv:331,1,1,"[0.01563858985900879, 0.9843614101409912]"
validate.csv:332,1,1,"[0.022064208984375, 0.977935791015625]"
validate.csv:333,1,0,"[0.8485285639762878, 0.15147145092487335]"
validate.csv:334,1,1,"[0.10102951526641846, 0.8989704847335815]"
validate.csv:335,1,1,"[0.012384653091430664, 0.9876153469085693]"
validate.csv:336,1,1,"[0.2430439591407776, 0.7569560408592224]"
validate.csv:337,1,1,"[0.09579247236251831, 0.9042075276374817]"
validate.csv:338,0,1,"[0.43880152702331543, 0.5611984729766846]"
validate.csv:339,1,0,"[0.8391934633255005, 0.1608065664768219]"
validate.csv:340,1,0,"[0.5699113607406616, 0.4300886392593384]"
validate.csv:341,1,1,"[0.016674280166625977, 0.983325719833374]"
validate.csv:342,1,1,"[0.053855717182159424, 0.9461442828178406]"
validate.csv:343,1,1,"[0.1260972023010254, 0.8739027976989746]"
validate.csv:344,0,0,"[0.5977464914321899, 0.40225353837013245]"
validate.csv:345,1,1,"[0.4380906820297241, 0.5619093179702759]"
validate.csv:346,1,1,"[0.04390841722488403, 0.956091582775116]"
validate.csv:347,0,0,"[0.8261880874633789, 0.1738119274377823]"
validate.csv:348,1,1,"[0.018126726150512695, 0.9818732738494873]"
validate.csv:349,0,0,"[0.9176636934280396, 0.08233628422021866]"
validate.csv:350,1,1,"[0.04471856355667114, 0.9552814364433289]"
validate.csv:351,0,0,"[0.8662487268447876, 0.1337512731552124]"
validate.csv:352,1,1,"[0.06152850389480591, 0.9384714961051941]"
validate.csv:353,1,1,"[0.09617018699645996, 0.90382981300354]"
validate.csv:354,1,0,"[0.8624732494354248, 0.13752678036689758]"
validate.csv:355,1,1,"[0.11038249731063843, 0.8896175026893616]"
validate.csv:356,1,1,"[0.06346410512924194, 0.9365358948707581]"
validate.csv:357,1,1,"[0.01560509204864502, 0.984394907951355]"
validate.csv:358,1,1,"[0.13341552019119263, 0.8665844798088074]"
validate.csv:359,1,1,"[0.17461925745010376, 0.8253807425498962]"
validate.csv:360,1,1,"[0.006267368793487549, 0.9937326312065125]"
validate.csv:361,1,1,"[0.13104784488677979, 0.8689521551132202]"
validate.csv:362,1,1,"[0.08243447542190552, 0.9175655245780945]"
validate.csv:363,1,1,"[0.02081197500228882, 0.9791880249977112]"
validate.csv:364,1,0,"[0.6658002138137817, 0.33419978618621826]"
validate.csv:365,1,1,"[0.05949044227600098, 0.940509557723999]"
validate.csv:366,0,0,"[0.9734524488449097, 0.02654758095741272]"
validate.csv:367,1,1,"[0.06354796886444092, 0.9364520311355591]"
validate.csv:368,1,1,"[0.46975451707839966, 0.5302454829216003]"
validate.csv:369,1,1,"[0.07196784019470215, 0.9280321598052979]"
validate.csv:370,0,1,"[0.3596249222755432, 0.6403750777244568]"
validate.csv:371,1,1,"[0.021309614181518555, 0.9786903858184814]"
validate.csv:372,1,1,"[0.017643988132476807, 0.9823560118675232]"
validate.csv:373,0,0,"[0.8968364596366882, 0.10316356271505356]"
validate.csv:374,1,1,"[0.024390339851379395, 0.9756096601486206]"
validate.csv:375,0,0,"[0.9370471239089966, 0.06295284628868103]"
validate.csv:376,0,0,"[0.6309748888015747, 0.3690251111984253]"
validate.csv:377,1,0,"[0.5357391238212585, 0.46426087617874146]"
validate.csv:378,1,1,"[0.3777030110359192, 0.6222969889640808]"
validate.csv:379,1,1,"[0.029691755771636963, 0.970308244228363]"
validate.csv:380,1,1,"[0.13366907835006714, 0.8663309216499329]"
validate.csv:381,0,0,"[0.9122017025947571, 0.08779831230640411]"
validate.csv:382,1,1,"[0.14840245246887207, 0.8515975475311279]"
validate.csv:383,1,1,"[0.08889138698577881, 0.9111086130142212]"
validate.csv:384,1,0,"[0.8823212385177612, 0.11767878383398056]"
validate.csv:385,0,0,"[0.9641949534416199, 0.03580505773425102]"
validate.csv:386,1,1,"[0.0247763991355896, 0.9752236008644104]"
validate.csv:387,1,1,"[0.040747225284576416, 0.9592527747154236]"
validate.csv:388,1,0,"[0.596032977104187, 0.403967022895813]"
validate.csv:389,1,1,"[0.032506465911865234, 0.9674935340881348]"
validate.csv:390,1,1,"[0.03114694356918335, 0.9688530564308167]"
validate.csv:391,1,1,"[0.023945212364196777, 0.9760547876358032]"
validate.csv:392,1,1,"[0.04235559701919556, 0.9576444029808044]"
validate.csv:393,1,1,"[0.3805486559867859, 0.6194513440132141]"
validate.csv:394,0,0,"[0.9294959306716919, 0.0705040767788887]"
validate.csv:395,1,1,"[0.07562816143035889, 0.9243718385696411]"
validate.csv:396,1,1,"[0.11636990308761597, 0.883630096912384]"
validate.csv:397,0,0,"[0.9567556381225586, 0.04324435070157051]"
validate.csv:398,1,1,"[0.15935999155044556, 0.8406400084495544]"
validate.csv:399,1,1,"[0.024930238723754883, 0.9750697612762451]"
validate.csv:400,1,0,"[0.5299092531204224, 0.4700907766819]"
validate.csv:401,0,0,"[0.7998174428939819, 0.20018254220485687]"
validate.csv:402,0,0,"[0.8810324668884277, 0.11896750330924988]"
validate.csv:403,1,1,"[0.03616410493850708, 0.9638358950614929]"
validate.csv:404,1,1,"[0.07353168725967407, 0.9264683127403259]"
validate.csv:405,0,0,"[0.8520877957344055, 0.14791221916675568]"
validate.csv:406,1,1,"[0.04034841060638428, 0.9596515893936157]"
validate.csv:407,0,0,"[0.8674518465995789, 0.13254816830158234]"
validate.csv:408,1,1,"[0.07897806167602539, 0.9210219383239746]"
validate.csv:409,1,1,"[0.05939203500747681, 0.9406079649925232]"
validate.csv:410,1,1,"[0.022675037384033203, 0.9773249626159668]"
validate.csv:411,1,1,"[0.18724757432937622, 0.8127524256706238]"
validate.csv:412,0,0,"[0.9207296967506409, 0.07927028834819794]"
validate.csv:413,1,1,"[0.13515031337738037, 0.8648496866226196]"
validate.csv:414,0,0,"[0.6120943427085876, 0.38790565729141235]"
validate.csv:415,1,1,"[0.11731642484664917, 0.8826835751533508]"
validate.csv:416,1,1,"[0.11686927080154419, 0.8831307291984558]"
validate.csv:417,1,1,"[0.17865312099456787, 0.8213468790054321]"
validate.csv:418,0,0,"[0.9349896311759949, 0.06501036882400513]"
validate.csv:419,0,0,"[0.9198514819145203, 0.08014854043722153]"
validate.csv:420,1,0,"[0.8639159202575684, 0.13608404994010925]"
validate.csv:421,0,1,"[0.29983633756637573, 0.7001636624336243]"
validate.csv:422,0,0,"[0.618162989616394, 0.38183701038360596]"
validate.csv:423,1,0,"[0.7541225552558899, 0.2458774298429489]"
validate.csv:424,1,1,"[0.18836086988449097, 0.811639130115509]"
validate.csv:425,1,1,"[0.009943068027496338, 0.9900569319725037]"
validate.csv:426,1,1,"[0.014845788478851318, 0.9851542115211487]"
validate.csv:427,1,1,"[0.043761491775512695, 0.9562385082244873]"
validate.csv:428,1,1,"[0.02093791961669922, 0.9790620803833008]"
validate.csv:429,1,1,"[0.11606377363204956, 0.8839362263679504]"
validate.csv:430,1,1,"[0.03338140249252319, 0.9666185975074768]"
validate.csv:431,1,1,"[0.3044778108596802, 0.6955221891403198]"
validate.csv:432,1,1,"[0.10284513235092163, 0.8971548676490784]"
validate.csv:433,1,1,"[0.05957740545272827, 0.9404225945472717]"
validate.csv:434,1,1,"[0.2004028558731079, 0.7995971441268921]"
validate.csv:435,1,1,"[0.011918783187866211, 0.9880812168121338]"
validate.csv:436,1,1,"[0.03500854969024658, 0.9649914503097534]"
validate.csv:437,0,1,"[0.43347495794296265, 0.5665250420570374]"
validate.csv:438,1,1,"[0.03530961275100708, 0.9646903872489929]"
validate.csv:439,0,0,"[0.6088377237319946, 0.39116227626800537]"
validate.csv:440,0,0,"[0.8429889678955078, 0.1570110321044922]"
validate.csv:441,1,1,"[0.21210598945617676, 0.7878940105438232]"
validate.csv:442,1,1,"[0.06415778398513794, 0.9358422160148621]"
validate.csv:443,1,1,"[0.13359123468399048, 0.8664087653160095]"
validate.csv:444,1,1,"[0.05337226390838623, 0.9466277360916138]"
validate.csv:445,1,1,"[0.06263643503189087, 0.9373635649681091]"
validate.csv:446,0,0,"[0.8449652791023254, 0.15503473579883575]"
validate.csv:447,1,1,"[0.043058574199676514, 0.9569414258003235]"
validate.csv:448,1,1,"[0.0071465373039245605, 0.9928534626960754]"
validate.csv:449,1,1,"[0.02446192502975464, 0.9755380749702454]"
validate.csv:450,0,1,"[0.3980516195297241, 0.6019483804702759]"
validate.csv:451,0,1,"[0.13594305515289307, 0.8640569448471069]"
validate.csv:452,0,0,"[0.8026600480079651, 0.19733993709087372]"
validate.csv:453,0,0,"[0.9707117676734924, 0.029288245365023613]"
validate.csv:454,1,1,"[0.01551055908203125, 0.9844894409179688]"
validate.csv:455,1,1,"[0.10982972383499146, 0.8901702761650085]"
validate.csv:456,1,1,"[0.012852132320404053, 0.987147867679596]"
validate.csv:457,1,1,"[0.022965073585510254, 0.9770349264144897]"
validate.csv:458,1,1,"[0.2834382653236389, 0.7165617346763611]"
validate.csv:459,1,1,"[0.0522117018699646, 0.9477882981300354]"
validate.csv:460,0,0,"[0.8424811959266663, 0.15751878917217255]"
validate.csv:461,1,1,"[0.04208129644393921, 0.9579187035560608]"
validate.csv:462,1,1,"[0.017182588577270508, 0.9828174114227295]"
validate.csv:463,1,1,"[0.06794697046279907, 0.9320530295372009]"
validate.csv:464,1,1,"[0.037519991397857666, 0.9624800086021423]"
validate.csv:465,1,1,"[0.020154178142547607, 0.9798458218574524]"
validate.csv:466,1,1,"[0.0282934308052063, 0.9717065691947937]"
validate.csv:467,1,1,"[0.013239502906799316, 0.9867604970932007]"
validate.csv:468,1,1,"[0.006945312023162842, 0.9930546879768372]"
validate.csv:469,1,1,"[0.031794190406799316, 0.9682058095932007]"
validate.csv:470,1,1,"[0.0954863429069519, 0.9045136570930481]"
validate.csv:471,0,0,"[0.9014308452606201, 0.09856918454170227]"
validate.csv:472,0,0,"[0.9085898995399475, 0.0914100930094719]"
validate.csv:473,1,1,"[0.02579629421234131, 0.9742037057876587]"
validate.csv:474,1,0,"[0.6730536222457886, 0.3269463777542114]"
validate.csv:475,1,1,"[0.21995121240615845, 0.7800487875938416]"
validate.csv:476,1,1,"[0.06972455978393555, 0.9302754402160645]"
validate.csv:477,1,1,"[0.13281673192977905, 0.867183268070221]"
validate.csv:478,1,1,"[0.0565260648727417, 0.9434739351272583]"
validate.csv:479,0,0,"[0.7342003583908081, 0.2657996118068695]"
validate.csv:480,1,1,"[0.01001828908920288, 0.9899817109107971]"
validate.csv:481,1,1,"[0.04897332191467285, 0.9510266780853271]"
validate.csv:482,1,0,"[0.5456638336181641, 0.45433613657951355]"
validate.csv:483,0,0,"[0.8819498419761658, 0.11805015057325363]"
validate.csv:484,0,0,"[0.724402129650116, 0.27559787034988403]"
validate.csv:485,1,1,"[0.40504103899002075, 0.5949589610099792]"
validate.csv:486,0,0,"[0.7226810455322266, 0.27731895446777344]"
validate.csv:487,0,0,"[0.7021536827087402, 0.29784634709358215]"
validate.csv:488,1,1,"[0.07460576295852661, 0.9253942370414734]"
validate.csv:489,1,1,"[0.16748225688934326, 0.8325177431106567]"
validate.csv:490,0,0,"[0.844919741153717, 0.15508027374744415]"
validate.csv:491,0,0,"[0.6895879507064819, 0.31041207909584045]"
validate.csv:492,1,1,"[0.02829742431640625, 0.9717025756835938]"
validate.csv:493,1,1,"[0.0232049822807312, 0.9767950177192688]"
validate.csv:494,1,1,"[0.02695828676223755, 0.9730417132377625]"
validate.csv:495,0,0,"[0.8289616703987122, 0.17103832960128784]"
validate.csv:496,1,1,"[0.02462184429168701, 0.975378155708313]"
validate.csv:497,0,0,"[0.9191338419914246, 0.08086613565683365]"
validate.csv:498,0,0,"[0.8696442246437073, 0.13035579025745392]"
validate.csv:499,1,1,"[0.19452989101409912, 0.8054701089859009]"
validate.csv:500,1,0,"[0.8830145597457886, 0.11698541045188904]"
validate.csv:501,0,0,"[0.872331976890564, 0.12766803801059723]"
validate.csv:502,1,1,"[0.08128786087036133, 0.9187121391296387]"
validate.csv:503,0,0,"[0.9057226777076721, 0.09427730739116669]"
validate.csv:504,1,0,"[0.6592448949813843, 0.3407551050186157]"
validate.csv:505,1,1,"[0.04078012704849243, 0.9592198729515076]"
validate.csv:506,1,1,"[0.03366661071777344, 0.9663333892822266]"
validate.csv:507,1,1,"[0.05009514093399048, 0.9499048590660095]"
validate.csv:508,1,0,"[0.9408406019210815, 0.059159401804208755]"
validate.csv:509,0,0,"[0.9206311702728271, 0.07936881482601166]"
validate.csv:510,0,0,"[0.9113974571228027, 0.08860251307487488]"
validate.csv:511,1,1,"[0.17575210332870483, 0.8242478966712952]"
validate.csv:512,0,1,"[0.07370889186859131, 0.9262911081314087]"
validate.csv:513,1,0,"[0.6774957776069641, 0.3225042223930359]"
validate.csv:514,1,1,"[0.07987618446350098, 0.920123815536499]"
validate.csv:515,1,1,"[0.0842902660369873, 0.9157097339630127]"
validate.csv:516,1,1,"[0.06630384922027588, 0.9336961507797241]"
validate.csv:517,1,1,"[0.16097724437713623, 0.8390227556228638]"
validate.csv:518,1,1,"[0.06273835897445679, 0.9372616410255432]"
validate.csv:519,1,1,"[0.04296237230300903, 0.957037627696991]"
validate.csv:520,1,1,"[0.11441093683242798, 0.885589063167572]"
validate.csv:521,0,0,"[0.9114342331886292, 0.08856574445962906]"
validate.csv:522,1,1,"[0.10199236869812012, 0.8980076313018799]"
validate.csv:523,0,0,"[0.8694738745689392, 0.13052614033222198]"
validate.csv:524,0,0,"[0.8863232731819153, 0.11367670446634293]"
validate.csv:525,1,1,"[0.04895704984664917, 0.9510429501533508]"
validate.csv:526,1,1,"[0.08731144666671753, 0.9126885533332825]"
validate.csv:527,0,1,"[0.22710567712783813, 0.7728943228721619]"
validate.csv:528,0,0,"[0.621260404586792, 0.378739595413208]"
validate.csv:529,0,0,"[0.8435424566268921, 0.15645752847194672]"
validate.csv:530,1,1,"[0.0585976243019104, 0.9414023756980896]"
validate.csv:531,1,0,"[0.64847731590271, 0.3515227138996124]"
validate.csv:532,1,1,"[0.0587693452835083, 0.9412306547164917]"
validate.csv:533,1,1,"[0.08723407983779907, 0.9127659201622009]"
validate.csv:534,0,1,"[0.19350427389144897, 0.806495726108551]"
validate.csv:535,1,1,"[0.020036160945892334, 0.9799638390541077]"
validate.csv:536,1,1,"[0.01277393102645874, 0.9872260689735413]"
validate.csv:537,1,1,"[0.0600091814994812, 0.9399908185005188]"
validate.csv:538,1,1,"[0.04774194955825806, 0.9522580504417419]"
validate.csv:539,1,0,"[0.6889377236366272, 0.3110622763633728]"
validate.csv:540,1,1,"[0.11475211381912231, 0.8852478861808777]"
validate.csv:541,1,1,"[0.10531097650527954, 0.8946890234947205]"
validate.csv:542,1,1,"[0.12031900882720947, 0.8796809911727905]"
validate.csv:543,0,0,"[0.8062225580215454, 0.19377745687961578]"
validate.csv:544,1,1,"[0.246848464012146, 0.753151535987854]"
validate.csv:545,1,1,"[0.28977566957473755, 0.7102243304252625]"
validate.csv:546,0,0,"[0.7835720181465149, 0.2164279669523239]"
validate.csv:547,1,1,"[0.1466846466064453, 0.8533153533935547]"
validate.csv:548,1,1,"[0.04080861806869507, 0.9591913819313049]"
validate.csv:549,1,1,"[0.006965279579162598, 0.9930347204208374]"
validate.csv:550,1,0,"[0.8597522974014282, 0.14024771749973297]"
validate.csv:551,0,0,"[0.8526933789253235, 0.1473066210746765]"
validate.csv:552,0,0,"[0.7750414609909058, 0.22495856881141663]"
validate.csv:553,0,1,"[0.23425251245498657, 0.7657474875450134]"
validate.csv:554,1,1,"[0.025161147117614746, 0.9748388528823853]"
validate.csv:555,1,1,"[0.21485650539398193, 0.7851434946060181]"
validate.csv:556,1,1,"[0.017982542514801025, 0.982017457485199]"
validate.csv:557,0,0,"[0.9208604097366333, 0.0791395828127861]"
validate.csv:558,1,0,"[0.552865743637085, 0.44713425636291504]"
validate.csv:559,1,1,"[0.02883678674697876, 0.9711632132530212]"
validate.csv:560,0,1,"[0.10115545988082886, 0.8988445401191711]"
validate.csv:561,0,0,"[0.7386566996574402, 0.2613433003425598]"
validate.csv:562,1,1,"[0.03422141075134277, 0.9657785892486572]"
validate.csv:563,1,1,"[0.19291526079177856, 0.8070847392082214]"
validate.csv:564,0,0,"[0.9682822227478027, 0.031717799603939056]"
validate.csv:565,1,1,"[0.036202847957611084, 0.9637971520423889]"
validate.csv:566,1,1,"[0.26983100175857544, 0.7301689982414246]"
validate.csv:567,1,1,"[0.04095679521560669, 0.9590432047843933]"
validate.csv:568,1,1,"[0.03534841537475586, 0.9646515846252441]"
validate.csv:569,1,1,"[0.10083746910095215, 0.8991625308990479]"
validate.csv:570,1,1,"[0.13084572553634644, 0.8691542744636536]"
validate.csv:571,0,0,"[0.6824499368667603, 0.31755006313323975]"
validate.csv:572,0,1,"[0.2581189274787903, 0.7418810725212097]"
validate.csv:573,1,1,"[0.10343271493911743, 0.8965672850608826]"
validate.csv:574,1,1,"[0.03142660856246948, 0.9685733914375305]"
validate.csv:575,1,1,"[0.16274219751358032, 0.8372578024864197]"
validate.csv:576,1,1,"[0.12437915802001953, 0.8756208419799805]"
validate.csv:577,0,0,"[0.8089267611503601, 0.1910732239484787]"
validate.csv:578,0,0,"[0.705294132232666, 0.29470589756965637]"
validate.csv:579,0,0,"[0.8611791133880615, 0.13882090151309967]"
validate.csv:580,1,1,"[0.032778024673461914, 0.9672219753265381]"
validate.csv:581,1,1,"[0.11732077598571777, 0.8826792240142822]"
validate.csv:582,1,1,"[0.3719862699508667, 0.6280137300491333]"
validate.csv:583,1,1,"[0.15223151445388794, 0.8477684855461121]"
validate.csv:584,1,1,"[0.16413885354995728, 0.8358611464500427]"
validate.csv:585,1,1,"[0.3847396969795227, 0.6152603030204773]"
validate.csv:586,1,1,"[0.12157410383224487, 0.8784258961677551]"
validate.csv:587,1,0,"[0.901743471622467, 0.09825653582811356]"
validate.csv:588,0,0,"[0.720095157623291, 0.2799048125743866]"
validate.csv:589,1,0,"[0.8301026225090027, 0.16989736258983612]"
validate.csv:590,1,0,"[0.908705472946167, 0.09129450470209122]"
validate.csv:591,0,0,"[0.8667075037956238, 0.13329249620437622]"
validate.csv:592,1,1,"[0.010365068912506104, 0.9896349310874939]"
validate.csv:593,0,1,"[0.16072124242782593, 0.8392787575721741]"
validate.csv:594,1,1,"[0.4029673933982849, 0.5970326066017151]"
validate.csv:595,1,1,"[0.27700692415237427, 0.7229930758476257]"
validate.csv:596,1,1,"[0.09858310222625732, 0.9014168977737427]"
validate.csv:597,1,1,"[0.11199766397476196, 0.888002336025238]"
validate.csv:598,1,0,"[0.5672662854194641, 0.4327337145805359]"
validate.csv:599,1,1,"[0.04375779628753662, 0.9562422037124634]"
validate.csv:600,1,1,"[0.09249156713485718, 0.9075084328651428]"
validate.csv:601,1,1,"[0.03766399621963501, 0.962336003780365]"
validate.csv:602,1,1,"[0.25936418771743774, 0.7406358122825623]"
validate.csv:603,0,0,"[0.887191116809845, 0.11280886828899384]"
validate.csv:604,0,0,"[0.915415346622467, 0.08458463847637177]"
validate.csv:605,0,1,"[0.14194416999816895, 0.858055830001831]"
validate.csv:606,1,1,"[0.09735924005508423, 0.9026407599449158]"
validate.csv:607,0,0,"[0.6322826147079468, 0.3677174150943756]"
validate.csv:608,1,1,"[0.02734595537185669, 0.9726540446281433]"
validate.csv:609,1,1,"[0.25867557525634766, 0.7413244247436523]"
validate.csv:610,0,0,"[0.8164999485015869, 0.18350008130073547]"
validate.csv:611,0,1,"[0.020685434341430664, 0.9793145656585693]"
validate.csv:612,1,1,"[0.19642937183380127, 0.8035706281661987]"
validate.csv:613,1,1,"[0.1078256368637085, 0.8921743631362915]"
validate.csv:614,0,0,"[0.5264506936073303, 0.4735493063926697]"
validate.csv:615,1,1,"[0.326593279838562, 0.673406720161438]"
validate.csv:616,0,0,"[0.9331555366516113, 0.06684448570013046]"
validate.csv:617,1,1,"[0.08984643220901489, 0.9101535677909851]"
validate.csv:618,0,0,"[0.8440210819244385, 0.15597888827323914]"
validate.csv:619,1,1,"[0.24038320779800415, 0.7596167922019958]"
validate.csv:620,1,1,"[0.03260040283203125, 0.9673995971679688]"
validate.csv:621,0,0,"[0.7046334743499756, 0.2953665554523468]"
validate.csv:622,1,1,"[0.011210203170776367, 0.9887897968292236]"
validate.csv:623,1,1,"[0.3542945981025696, 0.6457054018974304]"
validate.csv:624,0,0,"[0.7210277318954468, 0.2789722979068756]"
validate.csv:625,0,0,"[0.9522337913513184, 0.04776621609926224]"
validate.csv:626,1,0,"[0.837983250617981, 0.16201673448085785]"
validate.csv:627,0,0,"[0.5456994771957397, 0.45430052280426025]"
validate.csv:628,0,0,"[0.5841877460479736, 0.41581228375434875]"
validate.csv:629,1,1,"[0.03324127197265625, 0.9667587280273438]"
validate.csv:630,1,1,"[0.0796157717704773, 0.9203842282295227]"
validate.csv:631,0,0,"[0.8212199211120605, 0.17878007888793945]"
validate.csv:632,1,1,"[0.23048192262649536, 0.7695180773735046]"
validate.csv:633,0,0,"[0.7585609555244446, 0.2414390593767166]"
validate.csv:634,0,0,"[0.907356858253479, 0.09264315664768219]"
validate.csv:635,0,0,"[0.901840090751648, 0.09815993905067444]"
validate.csv:636,0,1,"[0.16799402236938477, 0.8320059776306152]"
validate.csv:637,1,1,"[0.2208249568939209, 0.7791750431060791]"
validate.csv:638,1,1,"[0.4980577230453491, 0.5019422769546509]"
validate.csv:639,1,1,"[0.061884284019470215, 0.9381157159805298]"
validate.csv:640,1,1,"[0.4924643039703369, 0.5075356960296631]"
validate.csv:641,1,1,"[0.08435314893722534, 0.9156468510627747]"
validate.csv:642,0,0,"[0.8968028426170349, 0.10319715738296509]"
validate.csv:643,1,1,"[0.011831343173980713, 0.9881686568260193]"
validate.csv:644,1,1,"[0.08421659469604492, 0.9157834053039551]"
validate.csv:645,0,1,"[0.1443822979927063, 0.8556177020072937]"
validate.csv:646,1,1,"[0.11237204074859619, 0.8876279592514038]"
validate.csv:647,1,0,"[0.8852651715278625, 0.11473482102155685]"
validate.csv:648,0,1,"[0.17256587743759155, 0.8274341225624084]"
validate.csv:649,1,1,"[0.1260104775428772, 0.8739895224571228]"
validate.csv:650,1,1,"[0.45217734575271606, 0.5478226542472839]"
validate.csv:651,1,1,"[0.07809674739837646, 0.9219032526016235]"
validate.csv:652,1,1,"[0.03912663459777832, 0.9608733654022217]"
validate.csv:653,1,1,"[0.26670026779174805, 0.733299732208252]"
validate.csv:654,1,1,"[0.018774330615997314, 0.9812256693840027]"
validate.csv:655,1,1,"[0.049252986907958984, 0.950747013092041]"
validate.csv:656,1,1,"[0.04139155149459839, 0.9586084485054016]"
validate.csv:657,0,0,"[0.8188398480415344, 0.18116013705730438]"
validate.csv:658,1,1,"[0.06730234622955322, 0.9326976537704468]"
validate.csv:659,1,1,"[0.031816959381103516, 0.9681830406188965]"
validate.csv:660,0,0,"[0.95001620054245, 0.04998377338051796]"
validate.csv:661,1,1,"[0.017048537731170654, 0.9829514622688293]"
validate.csv:662,1,1,"[0.10259425640106201, 0.897405743598938]"
validate.csv:663,1,1,"[0.27117055654525757, 0.7288294434547424]"
validate.csv:664,1,1,"[0.014067888259887695, 0.9859321117401123]"
validate.csv:665,1,1,"[0.0483323335647583, 0.9516676664352417]"
validate.csv:666,1,1,"[0.01793438196182251, 0.9820656180381775]"
validate.csv:667,1,1,"[0.016511857509613037, 0.983488142490387]"
validate.csv:668,1,1,"[0.05950605869293213, 0.9404939413070679]"
validate.csv:669,0,0,"[0.9301523566246033, 0.06984763592481613]"
validate.csv:670,0,1,"[0.4765583276748657, 0.5234416723251343]"
validate.csv:671,1,1,"[0.2968311309814453, 0.7031688690185547]"
validate.csv:672,0,1,"[0.19038397073745728, 0.8096160292625427]"
validate.csv:673,0,1,"[0.02200084924697876, 0.9779991507530212]"
validate.csv:674,0,0,"[0.7151588201522827, 0.2848411500453949]"
validate.csv:675,1,1,"[0.11316198110580444, 0.8868380188941956]"
validate.csv:676,0,0,"[0.8122236132621765, 0.18777640163898468]"
validate.csv:677,1,1,"[0.03807270526885986, 0.9619272947311401]"
validate.csv:678,1,1,"[0.03642749786376953, 0.9635725021362305]"
validate.csv:679,1,1,"[0.3602043390274048, 0.6397956609725952]"
validate.csv:680,1,1,"[0.3581250309944153, 0.6418749690055847]"
validate.csv:681,1,1,"[0.1052781343460083, 0.8947218656539917]"
validate.csv:682,1,1,"[0.03604704141616821, 0.9639529585838318]"
validate.csv:683,1,1,"[0.4139746427536011, 0.5860253572463989]"
validate.csv:684,1,1,"[0.2527918815612793, 0.7472081184387207]"
validate.csv:685,1,1,"[0.35327011346817017, 0.6467298865318298]"
validate.csv:686,0,0,"[0.7619946599006653, 0.23800532519817352]"
validate.csv:687,0,0,"[0.8922650814056396, 0.10773494094610214]"
validate.csv:688,1,1,"[0.08541333675384521, 0.9145866632461548]"
validate.csv:689,0,0,"[0.9099846482276917, 0.09001535177230835]"
validate.csv:690,1,1,"[0.12940198183059692, 0.8705980181694031]"
validate.csv:691,0,0,"[0.8200700283050537, 0.17992998659610748]"
validate.csv:692,1,1,"[0.2737036347389221, 0.7262963652610779]"
validate.csv:693,1,1,"[0.0829891562461853, 0.9170108437538147]"
validate.csv:694,1,1,"[0.03228837251663208, 0.9677116274833679]"
validate.csv:695,1,1,"[0.02645421028137207, 0.9735457897186279]"
validate.csv:696,0,0,"[0.711118221282959, 0.2888818085193634]"
validate.csv:697,0,0,"[0.8114297389984131, 0.18857023119926453]"
validate.csv:698,1,1,"[0.030457258224487305, 0.9695427417755127]"
validate.csv:699,0,0,"[0.8349002599716187, 0.16509976983070374]"
validate.csv:700,1,1,"[0.38625210523605347, 0.6137478947639465]"
validate.csv:701,0,0,"[0.8572712540626526, 0.14272873103618622]"
validate.csv:702,1,1,"[0.01963406801223755, 0.9803659319877625]"
validate.csv:703,1,1,"[0.09734439849853516, 0.9026556015014648]"
validate.csv:704,1,1,"[0.23418772220611572, 0.7658122777938843]"
validate.csv:705,0,0,"[0.931054413318634, 0.06894557178020477]"
validate.csv:706,0,1,"[0.29431766271591187, 0.7056823372840881]"
validate.csv:707,0,0,"[0.7975826263427734, 0.20241734385490417]"
validate.csv:708,0,0,"[0.7431594729423523, 0.2568405270576477]"
validate.csv:709,1,1,"[0.06702029705047607, 0.9329797029495239]"
validate.csv:710,0,1,"[0.20951849222183228, 0.7904815077781677]"
validate.csv:711,1,1,"[0.051988065242767334, 0.9480119347572327]"
validate.csv:712,0,0,"[0.8238580226898193, 0.17614194750785828]"
validate.csv:713,0,0,"[0.7855566740036011, 0.21444331109523773]"
validate.csv:714,1,1,"[0.4903731942176819, 0.5096268057823181]"
validate.csv:715,1,1,"[0.12611782550811768, 0.8738821744918823]"
validate.csv:716,1,1,"[0.08516669273376465, 0.9148333072662354]"
validate.csv:717,0,1,"[0.3871135115623474, 0.6128864884376526]"
validate.csv:718,0,0,"[0.7437163591384888, 0.2562836706638336]"
validate.csv:719,0,0,"[0.8710058331489563, 0.1289941817522049]"
validate.csv:720,1,1,"[0.11006438732147217, 0.8899356126785278]"
validate.csv:721,1,1,"[0.19631743431091309, 0.8036825656890869]"
validate.csv:722,1,1,"[0.01708066463470459, 0.9829193353652954]"
validate.csv:723,0,0,"[0.7317428588867188, 0.26825711131095886]"
validate.csv:724,1,1,"[0.033176541328430176, 0.9668234586715698]"
validate.csv:725,0,0,"[0.5887695550918579, 0.4112304747104645]"
validate.csv:726,0,0,"[0.816490888595581, 0.18350909650325775]"
validate.csv:727,1,1,"[0.01943308115005493, 0.9805669188499451]"
validate.csv:728,0,0,"[0.8985043168067932, 0.101495660841465]"
validate.csv:729,0,0,"[0.8828973770141602, 0.11710265278816223]"
validate.csv:730,0,1,"[0.2975286841392517, 0.7024713158607483]"
validate.csv:731,1,1,"[0.019868195056915283, 0.9801318049430847]"
validate.csv:732,1,1,"[0.011833488941192627, 0.9881665110588074]"
validate.csv:733,1,0,"[0.8674576282501221, 0.13254235684871674]"
validate.csv:734,0,0,"[0.7048133611679077, 0.2951866090297699]"
validate.csv:735,1,1,"[0.01046764850616455, 0.9895323514938354]"
validate.csv:736,0,0,"[0.9651148319244385, 0.034885141998529434]"
validate.csv:737,1,1,"[0.03809988498687744, 0.9619001150131226]"
validate.csv:738,1,1,"[0.05422413349151611, 0.9457758665084839]"
validate.csv:739,1,1,"[0.04803210496902466, 0.9519678950309753]"
validate.csv:740,1,1,"[0.18514150381088257, 0.8148584961891174]"
validate.csv:741,0,1,"[0.19346559047698975, 0.8065344095230103]"
validate.csv:742,0,0,"[0.58095383644104, 0.41904616355895996]"
validate.csv:743,1,1,"[0.21804898977279663, 0.7819510102272034]"
validate.csv:744,1,1,"[0.18371915817260742, 0.8162808418273926]"
validate.csv:745,0,1,"[0.1173657774925232, 0.8826342225074768]"
validate.csv:746,0,0,"[0.7085702419281006, 0.2914297878742218]"
validate.csv:747,1,1,"[0.13875830173492432, 0.8612416982650757]"
validate.csv:748,0,1,"[0.4701230525970459, 0.5298769474029541]"
validate.csv:749,0,0,"[0.900650680065155, 0.09934929758310318]"
validate.csv:750,1,1,"[0.1031995415687561, 0.8968004584312439]"
validate.csv:751,1,1,"[0.04407018423080444, 0.9559298157691956]"
validate.csv:752,1,1,"[0.15690791606903076, 0.8430920839309692]"
validate.csv:753,0,0,"[0.8837887048721313, 0.11621130257844925]"
validate.csv:754,1,1,"[0.03560483455657959, 0.9643951654434204]"
validate.csv:755,0,0,"[0.6959623098373413, 0.3040376901626587]"
validate.csv:756,0,0,"[0.8914842009544373, 0.10851578414440155]"
validate.csv:757,1,1,"[0.01862168312072754, 0.9813783168792725]"
validate.csv:758,1,0,"[0.8536064028739929, 0.14639359712600708]"
validate.csv:759,0,0,"[0.8661861419677734, 0.13381387293338776]"
validate.csv:760,1,0,"[0.7975516319274902, 0.20244839787483215]"
validate.csv:761,1,1,"[0.041082561016082764, 0.9589174389839172]"
validate.csv:762,1,1,"[0.18313813209533691, 0.8168618679046631]"
validate.csv:763,1,1,"[0.05673772096633911, 0.9432622790336609]"
validate.csv:764,1,0,"[0.8686808347702026, 0.13131918013095856]"
validate.csv:765,0,1,"[0.48593246936798096, 0.514067530632019]"
validate.csv:766,1,0,"[0.8667157888412476, 0.13328422605991364]"
validate.csv:767,0,0,"[0.8317657113075256, 0.16823427379131317]"
validate.csv:768,0,0,"[0.931098461151123, 0.06890150904655457]"
validate.csv:769,1,1,"[0.11419856548309326, 0.8858014345169067]"
validate.csv:770,0,0,"[0.9304620027542114, 0.06953801214694977]"
validate.csv:771,0,1,"[0.3251957297325134, 0.6748042702674866]"
validate.csv:772,0,0,"[0.9533784985542297, 0.046621475368738174]"
validate.csv:773,1,1,"[0.13894754648208618, 0.8610524535179138]"
validate.csv:774,1,1,"[0.1167023777961731, 0.8832976222038269]"
validate.csv:775,1,1,"[0.06681013107299805, 0.933189868927002]"
validate.csv:776,1,1,"[0.04847848415374756, 0.9515215158462524]"
validate.csv:777,1,1,"[0.03751480579376221, 0.9624851942062378]"
validate.csv:778,0,0,"[0.8448659777641296, 0.15513403713703156]"
validate.csv:779,1,1,"[0.06641161441802979, 0.9335883855819702]"
validate.csv:780,1,1,"[0.06651800870895386, 0.9334819912910461]"
validate.csv:781,0,1,"[0.4658612012863159, 0.5341387987136841]"
validate.csv:782,1,1,"[0.0864744782447815, 0.9135255217552185]"
validate.csv:783,1,1,"[0.014954745769500732, 0.9850452542304993]"
validate.csv:784,1,1,"[0.0636562705039978, 0.9363437294960022]"
validate.csv:785,1,1,"[0.07562100887298584, 0.9243789911270142]"
validate.csv:786,0,1,"[0.33804410696029663, 0.6619558930397034]"
validate.csv:787,0,1,"[0.2630108594894409, 0.7369891405105591]"
validate.csv:788,0,0,"[0.9350345134735107, 0.06496545672416687]"
validate.csv:789,1,0,"[0.9297332763671875, 0.07026669383049011]"
validate.csv:790,0,0,"[0.9243240356445312, 0.07567599415779114]"
validate.csv:791,1,1,"[0.16961628198623657, 0.8303837180137634]"
validate.csv:792,1,1,"[0.021785616874694824, 0.9782143831253052]"
validate.csv:793,1,1,"[0.030262112617492676, 0.9697378873825073]"
validate.csv:794,1,1,"[0.14961856603622437, 0.8503814339637756]"
validate.csv:795,0,0,"[0.8906207084655762, 0.10937930643558502]"
validate.csv:796,0,0,"[0.8913576602935791, 0.10864236205816269]"
validate.csv:797,1,1,"[0.19167333841323853, 0.8083266615867615]"
validate.csv:798,1,1,"[0.1897602677345276, 0.8102397322654724]"
validate.csv:799,1,1,"[0.09938645362854004, 0.90061354637146]"
validate.csv:800,0,0,"[0.8698270320892334, 0.1301729530096054]"
validate.csv:801,1,1,"[0.027258872985839844, 0.9727411270141602]"
validate.csv:802,1,1,"[0.0963284969329834, 0.9036715030670166]"
validate.csv:803,1,1,"[0.056655168533325195, 0.9433448314666748]"
validate.csv:804,1,1,"[0.07523846626281738, 0.9247615337371826]"
validate.csv:805,1,1,"[0.25167667865753174, 0.7483233213424683]"
validate.csv:806,1,1,"[0.025505542755126953, 0.974494457244873]"
validate.csv:807,0,0,"[0.7193089723587036, 0.280690997838974]"
validate.csv:808,1,1,"[0.09755337238311768, 0.9024466276168823]"
validate.csv:809,0,0,"[0.6834027767181396, 0.31659722328186035]"
validate.csv:810,0,1,"[0.19256383180618286, 0.8074361681938171]"
validate.csv:811,0,1,"[0.27862799167633057, 0.7213720083236694]"
validate.csv:812,1,1,"[0.14831191301345825, 0.8516880869865417]"
validate.csv:813,0,0,"[0.8595504760742188, 0.14044953882694244]"
validate.csv:814,1,1,"[0.05058622360229492, 0.9494137763977051]"
validate.csv:815,1,0,"[0.7742115259170532, 0.22578848898410797]"
validate.csv:816,1,1,"[0.4023553133010864, 0.5976446866989136]"
validate.csv:817,0,0,"[0.8546234369277954, 0.14537657797336578]"
validate.csv:818,1,1,"[0.04992300271987915, 0.9500769972801208]"
validate.csv:819,0,0,"[0.78593909740448, 0.2140609174966812]"
validate.csv:820,0,0,"[0.8758647441864014, 0.12413528561592102]"
validate.csv:821,1,1,"[0.11660075187683105, 0.883399248123169]"
validate.csv:822,1,0,"[0.6825414896011353, 0.31745854020118713]"
validate.csv:823,0,0,"[0.7202446460723877, 0.2797553539276123]"
validate.csv:824,1,1,"[0.04496026039123535, 0.9550397396087646]"
validate.csv:825,0,0,"[0.6851000785827637, 0.31489992141723633]"
validate.csv:826,1,1,"[0.05701369047164917, 0.9429863095283508]"
validate.csv:827,0,0,"[0.8915333151817322, 0.10846666246652603]"
validate.csv:828,0,0,"[0.7089098691940308, 0.29109013080596924]"
validate.csv:829,1,1,"[0.30068522691726685, 0.6993147730827332]"
validate.csv:830,0,0,"[0.674013614654541, 0.32598641514778137]"
validate.csv:831,0,0,"[0.8664265871047974, 0.13357338309288025]"
validate.csv:832,0,1,"[0.35107511281967163, 0.6489248871803284]"
validate.csv:833,0,0,"[0.781943142414093, 0.21805687248706818]"
validate.csv:834,0,0,"[0.8445144891738892, 0.15548549592494965]"
validate.csv:835,1,1,"[0.2078542709350586, 0.7921457290649414]"
validate.csv:836,0,0,"[0.8463764190673828, 0.1536235511302948]"
validate.csv:837,0,0,"[0.8972561359405518, 0.10274387896060944]"
validate.csv:838,0,0,"[0.9589406847953796, 0.04105931892991066]"
validate.csv:839,1,1,"[0.05632215738296509, 0.9436778426170349]"
validate.csv:840,1,1,"[0.02705615758895874, 0.9729438424110413]"
validate.csv:841,1,1,"[0.08256393671035767, 0.9174360632896423]"
validate.csv:842,1,1,"[0.018893718719482422, 0.9811062812805176]"
validate.csv:843,0,1,"[0.43560487031936646, 0.5643951296806335]"
validate.csv:844,1,0,"[0.7975761890411377, 0.2024238258600235]"
validate.csv:845,0,1,"[0.041727542877197266, 0.9582724571228027]"
validate.csv:846,1,1,"[0.2761625647544861, 0.7238374352455139]"
validate.csv:847,1,1,"[0.2878291606903076, 0.7121708393096924]"
validate.csv:848,0,0,"[0.7995639443397522, 0.2004360407590866]"
validate.csv:849,1,1,"[0.042365312576293945, 0.957634687423706]"
validate.csv:850,1,1,"[0.34746235609054565, 0.6525376439094543]"
validate.csv:851,1,0,"[0.8234072923660278, 0.17659269273281097]"
validate.csv:852,1,1,"[0.06289833784103394, 0.9371016621589661]"
validate.csv:853,0,0,"[0.5797960162162781, 0.4202039837837219]"
validate.csv:854,1,1,"[0.06370937824249268, 0.9362906217575073]"
validate.csv:855,1,1,"[0.10614025592803955, 0.8938597440719604]"
validate.csv:856,0,0,"[0.5677999258041382, 0.43220004439353943]"
validate.csv:857,1,1,"[0.1868484616279602, 0.8131515383720398]"
validate.csv:858,1,1,"[0.02288663387298584, 0.9771133661270142]"
validate.csv:859,0,1,"[0.41610342264175415, 0.5838965773582458]"
validate.csv:860,1,1,"[0.11637884378433228, 0.8836211562156677]"
validate.csv:861,1,1,"[0.010327339172363281, 0.9896726608276367]"
validate.csv:862,1,1,"[0.01767873764038086, 0.9823212623596191]"
validate.csv:863,0,0,"[0.84168541431427, 0.1583145558834076]"
validate.csv:864,1,1,"[0.052307069301605225, 0.9476929306983948]"
validate.csv:865,1,1,"[0.01598280668258667, 0.9840171933174133]"
validate.csv:866,1,1,"[0.1256580352783203, 0.8743419647216797]"
validate.csv:867,1,1,"[0.023746132850646973, 0.976253867149353]"
validate.csv:868,0,0,"[0.6267968416213989, 0.3732031583786011]"
validate.csv:869,1,1,"[0.050748348236083984, 0.949251651763916]"
validate.csv:870,1,1,"[0.10767292976379395, 0.892327070236206]"
validate.csv:871,1,1,"[0.12825608253479004, 0.87174391746521]"
validate.csv:872,1,1,"[0.24776828289031982, 0.7522317171096802]"
validate.csv:873,1,1,"[0.022391438484191895, 0.9776085615158081]"
validate.csv:874,1,1,"[0.1617347002029419, 0.8382652997970581]"
validate.csv:875,1,1,"[0.1372937560081482, 0.8627062439918518]"
validate.csv:876,1,1,"[0.1512371301651001, 0.8487628698348999]"
validate.csv:877,1,1,"[0.29519838094711304, 0.704801619052887]"
validate.csv:878,0,0,"[0.7479433417320251, 0.25205665826797485]"
validate.csv:879,1,1,"[0.48801660537719727, 0.5119833946228027]"
validate.csv:880,1,1,"[0.049672842025756836, 0.9503271579742432]"
validate.csv:881,1,0,"[0.9109997153282166, 0.08900030702352524]"
validate.csv:882,1,0,"[0.5890618562698364, 0.4109381139278412]"
validate.csv:883,1,1,"[0.019143760204315186, 0.9808562397956848]"
validate.csv:884,0,1,"[0.23703324794769287, 0.7629667520523071]"
validate.csv:885,1,1,"[0.28350627422332764, 0.7164937257766724]"
validate.csv:886,1,0,"[0.7941944599151611, 0.20580551028251648]"
validate.csv:887,1,0,"[0.8070052862167358, 0.19299472868442535]"
validate.csv:888,1,1,"[0.011352121829986572, 0.9886478781700134]"
validate.csv:889,1,1,"[0.23217719793319702, 0.767822802066803]"
validate.csv:890,0,0,"[0.8653647899627686, 0.13463518023490906]"
validate.csv:891,1,1,"[0.10572558641433716, 0.8942744135856628]"
validate.csv:892,1,1,"[0.04764169454574585, 0.9523583054542542]"
validate.csv:893,0,0,"[0.5781155824661255, 0.4218843877315521]"
validate.csv:894,1,1,"[0.4056270122528076, 0.5943729877471924]"
validate.csv:895,1,1,"[0.037345290184020996, 0.962654709815979]"
validate.csv:896,1,1,"[0.01678699254989624, 0.9832130074501038]"
validate.csv:897,0,0,"[0.9047467112541199, 0.09525328129529953]"
validate.csv:898,1,1,"[0.03860199451446533, 0.9613980054855347]"
validate.csv:899,0,0,"[0.820732593536377, 0.17926743626594543]"
validate.csv:900,1,1,"[0.13642841577529907, 0.8635715842247009]"
validate.csv:901,0,0,"[0.8017321825027466, 0.19826778769493103]"
validate.csv:902,0,0,"[0.7597590684890747, 0.2402409315109253]"
validate.csv:903,1,0,"[0.7660635113716125, 0.23393647372722626]"
validate.csv:904,1,1,"[0.09678006172180176, 0.9032199382781982]"
validate.csv:905,1,0,"[0.5206925868988037, 0.4793074429035187]"
validate.csv:906,1,1,"[0.3542361259460449, 0.6457638740539551]"
validate.csv:907,0,0,"[0.5423710942268372, 0.45762890577316284]"
validate.csv:908,1,1,"[0.46362918615341187, 0.5363708138465881]"
validate.csv:909,1,1,"[0.15740734338760376, 0.8425926566123962]"
validate.csv:910,1,0,"[0.536419689655304, 0.46358031034469604]"
validate.csv:911,0,0,"[0.9043273329734802, 0.09567264467477798]"
validate.csv:912,1,0,"[0.8563365936279297, 0.14366339147090912]"
validate.csv:913,0,0,"[0.9067907929420471, 0.09320922940969467]"
validate.csv:914,1,1,"[0.04082441329956055, 0.9591755867004395]"
validate.csv:915,1,1,"[0.1621832251548767, 0.8378167748451233]"
validate.csv:916,1,1,"[0.16308659315109253, 0.8369134068489075]"
validate.csv:917,1,1,"[0.14265352487564087, 0.8573464751243591]"
validate.csv:918,0,0,"[0.928013801574707, 0.07198619842529297]"
validate.csv:919,1,1,"[0.16158437728881836, 0.8384156227111816]"
validate.csv:920,1,1,"[0.0722457766532898, 0.9277542233467102]"
validate.csv:921,0,0,"[0.7463798522949219, 0.25362011790275574]"
validate.csv:922,1,1,"[0.02893906831741333, 0.9710609316825867]"
validate.csv:923,1,1,"[0.030100345611572266, 0.9698996543884277]"
validate.csv:924,1,1,"[0.042297422885894775, 0.9577025771141052]"
validate.csv:925,1,1,"[0.1941635012626648, 0.8058364987373352]"
validate.csv:926,1,1,"[0.31252413988113403, 0.687475860118866]"
validate.csv:927,0,0,"[0.966413676738739, 0.033586349338293076]"
validate.csv:928,0,0,"[0.9486771821975708, 0.0513228178024292]"
validate.csv:929,1,1,"[0.05792701244354248, 0.9420729875564575]"
validate.csv:930,0,1,"[0.32939422130584717, 0.6706057786941528]"
validate.csv:931,1,1,"[0.04453307390213013, 0.9554669260978699]"
validate.csv:932,1,1,"[0.24890905618667603, 0.751090943813324]"
validate.csv:933,1,1,"[0.01768118143081665, 0.9823188185691833]"
validate.csv:934,1,0,"[0.9297054409980774, 0.0702945664525032]"
validate.csv:935,0,0,"[0.7439823746681213, 0.25601762533187866]"
validate.csv:936,1,1,"[0.0321924090385437, 0.9678075909614563]"
validate.csv:937,0,0,"[0.550956130027771, 0.4490438401699066]"
validate.csv:938,0,0,"[0.8301550149917603, 0.16984499990940094]"
validate.csv:939,1,1,"[0.14461344480514526, 0.8553865551948547]"
validate.csv:940,0,0,"[0.6393940448760986, 0.36060595512390137]"
validate.csv:941,1,1,"[0.035294294357299805, 0.9647057056427002]"
validate.csv:942,0,0,"[0.8537676334381104, 0.14623238146305084]"
validate.csv:943,1,1,"[0.14981549978256226, 0.8501845002174377]"
validate.csv:944,0,0,"[0.9509375095367432, 0.049062468111515045]"
validate.csv:945,0,1,"[0.4220832586288452, 0.5779167413711548]"
validate.csv:946,0,0,"[0.7308152318000793, 0.26918476819992065]"
validate.csv:947,1,1,"[0.10338729619979858, 0.8966127038002014]"
validate.csv:948,0,0,"[0.9776984453201294, 0.02230154722929001]"
validate.csv:949,1,0,"[0.5759648680686951, 0.42403513193130493]"
validate.csv:950,0,0,"[0.8417657017707825, 0.15823428332805634]"
validate.csv:951,0,0,"[0.7339544892311096, 0.2660455107688904]"
validate.csv:952,0,0,"[0.6259251236915588, 0.37407487630844116]"
validate.csv:953,1,1,"[0.03153461217880249, 0.9684653878211975]"
validate.csv:954,1,1,"[0.03350269794464111, 0.9664973020553589]"
validate.csv:955,0,0,"[0.7135143280029297, 0.2864856421947479]"
validate.csv:956,1,1,"[0.1165650486946106, 0.8834349513053894]"
validate.csv:957,1,1,"[0.1064637303352356, 0.8935362696647644]"
validate.csv:958,0,0,"[0.5412569046020508, 0.4587431252002716]"
validate.csv:959,0,1,"[0.26481789350509644, 0.7351821064949036]"
validate.csv:960,1,1,"[0.04624134302139282, 0.9537586569786072]"
validate.csv:961,1,1,"[0.05356079339981079, 0.9464392066001892]"
validate.csv:962,1,1,"[0.025027692317962646, 0.9749723076820374]"
validate.csv:963,1,1,"[0.24337196350097656, 0.7566280364990234]"
validate.csv:964,1,1,"[0.06716948747634888, 0.9328305125236511]"
validate.csv:965,0,0,"[0.8672430515289307, 0.13275691866874695]"
validate.csv:966,1,1,"[0.28861379623413086, 0.7113862037658691]"
validate.csv:967,0,0,"[0.857964813709259, 0.14203518629074097]"
validate.csv:968,0,0,"[0.9686296582221985, 0.03137031942605972]"
validate.csv:969,1,1,"[0.14464598894119263, 0.8553540110588074]"
validate.csv:970,1,1,"[0.026118040084838867, 0.9738819599151611]"
validate.csv:971,0,0,"[0.9439900517463684, 0.05600995942950249]"
validate.csv:972,0,0,"[0.8256978988647461, 0.1743021309375763]"
validate.csv:973,0,0,"[0.656981885433197, 0.343018114566803]"
validate.csv:974,0,0,"[0.9021240472793579, 0.09787594527006149]"
validate.csv:975,1,1,"[0.1365075707435608, 0.8634924292564392]"
validate.csv:976,0,0,"[0.5563880801200867, 0.44361191987991333]"
validate.csv:977,1,1,"[0.06095248460769653, 0.9390475153923035]"
validate.csv:978,0,0,"[0.9422997832298279, 0.057700224220752716]"
validate.csv:979,1,1,"[0.31544381380081177, 0.6845561861991882]"
validate.csv:980,1,0,"[0.7470716238021851, 0.25292840600013733]"
validate.csv:981,1,1,"[0.05416882038116455, 0.9458311796188354]"
validate.csv:982,1,1,"[0.08438020944595337, 0.9156197905540466]"
validate.csv:983,0,0,"[0.9458686113357544, 0.05413141846656799]"
validate.csv:984,1,1,"[0.1049467921257019, 0.8950532078742981]"
validate.csv:985,1,1,"[0.0703880786895752, 0.9296119213104248]"
validate.csv:986,0,0,"[0.731972873210907, 0.268027126789093]"
validate.csv:987,1,1,"[0.10113310813903809, 0.8988668918609619]"
validate.csv:988,1,1,"[0.038904011249542236, 0.9610959887504578]"
validate.csv:989,1,1,"[0.09831094741821289, 0.9016890525817871]"
validate.csv:990,1,1,"[0.11968010663986206, 0.8803198933601379]"
validate.csv:991,1,1,"[0.22890335321426392, 0.7710966467857361]"
validate.csv:992,1,1,"[0.010394811630249023, 0.989605188369751]"
validate.csv:993,1,1,"[0.09995591640472412, 0.9000440835952759]"
validate.csv:994,1,0,"[0.5482140779495239, 0.45178595185279846]"
validate.csv:995,1,1,"[0.1017274260520935, 0.8982725739479065]"
validate.csv:996,1,1,"[0.16631942987442017, 0.8336805701255798]"
validate.csv:997,1,1,"[0.09885096549987793, 0.9011490345001221]"
validate.csv:998,1,1,"[0.04917788505554199, 0.950822114944458]"
validate.csv:999,0,1,"[0.044188618659973145, 0.9558113813400269]"
validate.csv:1000,1,1,"[0.042879581451416016, 0.957120418548584]"
validate.csv:1001,0,0,"[0.9204041957855225, 0.07959579676389694]"
validate.csv:1002,0,0,"[0.813970685005188, 0.18602928519248962]"
validate.csv:1003,0,0,"[0.7088828682899475, 0.2911171317100525]"
validate.csv:1004,1,1,"[0.10025346279144287, 0.8997465372085571]"
validate.csv:1005,1,1,"[0.12535786628723145, 0.8746421337127686]"
validate.csv:1006,1,1,"[0.020827949047088623, 0.9791720509529114]"
validate.csv:1007,0,0,"[0.720543622970581, 0.27945634722709656]"
validate.csv:1008,1,1,"[0.06557881832122803, 0.934421181678772]"
validate.csv:1009,0,0,"[0.8559424877166748, 0.14405754208564758]"
validate.csv:1010,1,1,"[0.12711864709854126, 0.8728813529014587]"
validate.csv:1011,0,0,"[0.8888536095619202, 0.11114637553691864]"
validate.csv:1012,1,1,"[0.1423167586326599, 0.8576832413673401]"
validate.csv:1013,1,1,"[0.07384490966796875, 0.9261550903320312]"
validate.csv:1014,1,1,"[0.31263089179992676, 0.6873691082000732]"
validate.csv:1015,0,1,"[0.2049211859703064, 0.7950788140296936]"
validate.csv:1016,1,1,"[0.00919485092163086, 0.9908051490783691]"
validate.csv:1017,0,0,"[0.7672178745269775, 0.23278214037418365]"
validate.csv:1018,0,0,"[0.7732623815536499, 0.2267375886440277]"
validate.csv:1019,1,1,"[0.028004705905914307, 0.9719952940940857]"
validate.csv:1020,0,0,"[0.7804628610610962, 0.219537153840065]"
validate.csv:1021,0,0,"[0.7472319602966309, 0.25276803970336914]"
validate.csv:1022,0,1,"[0.2532539367675781, 0.7467460632324219]"
validate.csv:1023,0,1,"[0.2914199233055115, 0.7085800766944885]"
validate.csv:1024,0,0,"[0.7686554193496704, 0.2313445806503296]"
validate.csv:1025,1,0,"[0.6516559720039368, 0.34834402799606323]"
validate.csv:1026,1,1,"[0.08111459016799927, 0.9188854098320007]"
validate.csv:1027,1,0,"[0.878463625907898, 0.12153640389442444]"
validate.csv:1028,1,1,"[0.016010284423828125, 0.9839897155761719]"
validate.csv:1029,0,0,"[0.9473246932029724, 0.052675314247608185]"
validate.csv:1030,0,0,"[0.7160265445709229, 0.28397345542907715]"
validate.csv:1031,1,1,"[0.35446876287460327, 0.6455312371253967]"
validate.csv:1032,0,1,"[0.47054386138916016, 0.5294561386108398]"
validate.csv:1033,0,0,"[0.9141847491264343, 0.08581525832414627]"
validate.csv:1034,1,1,"[0.03515428304672241, 0.9648457169532776]"
validate.csv:1035,1,1,"[0.05618995428085327, 0.9438100457191467]"
validate.csv:1036,1,1,"[0.0829704999923706, 0.9170295000076294]"
validate.csv:1037,0,0,"[0.7628701329231262, 0.23712988197803497]"
validate.csv:1038,0,1,"[0.2910802364349365, 0.7089197635650635]"
validate.csv:1039,1,1,"[0.036009371280670166, 0.9639906287193298]"
validate.csv:1040,1,1,"[0.023575186729431152, 0.9764248132705688]"
validate.csv:1041,1,1,"[0.028383910655975342, 0.9716160893440247]"
validate.csv:1042,1,0,"[0.9319236278533936, 0.06807637959718704]"
validate.csv:1043,0,0,"[0.7820972204208374, 0.21790280938148499]"
validate.csv:1044,1,1,"[0.11747920513153076, 0.8825207948684692]"
validate.csv:1045,0,1,"[0.25712448358535767, 0.7428755164146423]"
validate.csv:1046,1,1,"[0.0790024995803833, 0.9209975004196167]"
validate.csv:1047,1,1,"[0.059158384799957275, 0.9408416152000427]"
validate.csv:1048,1,1,"[0.06559759378433228, 0.9344024062156677]"
validate.csv:1049,1,1,"[0.01692652702331543, 0.9830734729766846]"
validate.csv:1050,0,0,"[0.8256837129592896, 0.17431628704071045]"
validate.csv:1051,1,1,"[0.10395282506942749, 0.8960471749305725]"
validate.csv:1052,1,1,"[0.07044196128845215, 0.9295580387115479]"
validate.csv:1053,1,1,"[0.063412606716156, 0.936587393283844]"
validate.csv:1054,1,1,"[0.286749005317688, 0.713250994682312]"
validate.csv:1055,1,1,"[0.22175085544586182, 0.7782491445541382]"
validate.csv:1056,1,0,"[0.7264484763145447, 0.2735515236854553]"
validate.csv:1057,1,1,"[0.02073889970779419, 0.9792611002922058]"
validate.csv:1058,0,0,"[0.6044414639472961, 0.39555853605270386]"
validate.csv:1059,1,1,"[0.11044412851333618, 0.8895558714866638]"
validate.csv:1060,1,1,"[0.05918949842453003, 0.94081050157547]"
validate.csv:1061,0,0,"[0.7503237724304199, 0.24967622756958008]"
validate.csv:1062,0,0,"[0.8905153274536133, 0.10948467254638672]"
validate.csv:1063,1,0,"[0.8086062073707581, 0.19139377772808075]"
validate.csv:1064,1,0,"[0.8542190194129944, 0.1457809954881668]"
validate.csv:1065,0,1,"[0.4018856883049011, 0.5981143116950989]"
validate.csv:1066,0,0,"[0.9271925687789917, 0.0728074461221695]"
validate.csv:1067,1,1,"[0.06201446056365967, 0.9379855394363403]"
validate.csv:1068,0,1,"[0.25917381048202515, 0.7408261895179749]"
validate.csv:1069,1,1,"[0.21322542428970337, 0.7867745757102966]"
validate.csv:1070,1,1,"[0.06998604536056519, 0.9300139546394348]"
validate.csv:1071,0,1,"[0.07022988796234131, 0.9297701120376587]"
validate.csv:1072,1,1,"[0.021684765815734863, 0.9783152341842651]"
validate.csv:1073,1,1,"[0.03132200241088867, 0.9686779975891113]"
validate.csv:1074,0,1,"[0.06572794914245605, 0.934272050857544]"
validate.csv:1075,0,0,"[0.8340727090835571, 0.16592732071876526]"
validate.csv:1076,1,1,"[0.056013643741607666, 0.9439863562583923]"
validate.csv:1077,0,1,"[0.06239587068557739, 0.9376041293144226]"
validate.csv:1078,1,1,"[0.24588078260421753, 0.7541192173957825]"
validate.csv:1079,1,0,"[0.9410052299499512, 0.05899478867650032]"
validate.csv:1080,1,1,"[0.009676218032836914, 0.9903237819671631]"
validate.csv:1081,1,1,"[0.0654478669166565, 0.9345521330833435]"
validate.csv:1082,1,1,"[0.02916818857192993, 0.9708318114280701]"
validate.csv:1083,1,1,"[0.23568004369735718, 0.7643199563026428]"
validate.csv:1084,0,0,"[0.8774851560592651, 0.12251481413841248]"
validate.csv:1085,1,1,"[0.047545552253723145, 0.9524544477462769]"
validate.csv:1086,0,0,"[0.6753901839256287, 0.32460981607437134]"
validate.csv:1087,1,1,"[0.05867236852645874, 0.9413276314735413]"
validate.csv:1088,0,0,"[0.865915834903717, 0.13408416509628296]"
validate.csv:1089,1,1,"[0.09219878911972046, 0.9078012108802795]"
validate.csv:1090,1,1,"[0.07226741313934326, 0.9277325868606567]"
validate.csv:1091,1,1,"[0.03821873664855957, 0.9617812633514404]"
validate.csv:1092,1,1,"[0.021928071975708008, 0.978071928024292]"
validate.csv:1093,0,0,"[0.6718645095825195, 0.32813549041748047]"
validate.csv:1094,1,1,"[0.03343510627746582, 0.9665648937225342]"
validate.csv:1095,1,1,"[0.024441838264465332, 0.9755581617355347]"
validate.csv:1096,0,1,"[0.3364090919494629, 0.6635909080505371]"
validate.csv:1097,1,0,"[0.6996618509292603, 0.30033814907073975]"
validate.csv:1098,1,1,"[0.4389120936393738, 0.5610879063606262]"
validate.csv:1099,1,1,"[0.0237581729888916, 0.9762418270111084]"
validate.csv:1100,1,1,"[0.061870574951171875, 0.9381294250488281]"
validate.csv:1101,1,1,"[0.09850794076919556, 0.9014920592308044]"
validate.csv:1102,1,1,"[0.28532296419143677, 0.7146770358085632]"
validate.csv:1103,1,1,"[0.07557427883148193, 0.9244257211685181]"
validate.csv:1104,1,1,"[0.44121742248535156, 0.5587825775146484]"
validate.csv:1105,0,0,"[0.9545247554779053, 0.04547521471977234]"
validate.csv:1106,0,0,"[0.7422308921813965, 0.2577691376209259]"
validate.csv:1107,0,0,"[0.6153978109359741, 0.3846021592617035]"
validate.csv:1108,1,1,"[0.026085376739501953, 0.973914623260498]"
validate.csv:1109,1,1,"[0.47484326362609863, 0.5251567363739014]"
validate.csv:1110,1,1,"[0.1678897738456726, 0.8321102261543274]"
validate.csv:1111,1,1,"[0.11112713813781738, 0.8888728618621826]"
validate.csv:1112,0,1,"[0.42185503244400024, 0.5781449675559998]"
validate.csv:1113,0,1,"[0.07410526275634766, 0.9258947372436523]"
validate.csv:1114,0,0,"[0.7289455533027649, 0.2710544466972351]"
validate.csv:1115,1,1,"[0.08786362409591675, 0.9121363759040833]"
validate.csv:1116,1,1,"[0.1444188356399536, 0.8555811643600464]"
validate.csv:1117,1,1,"[0.26096272468566895, 0.739037275314331]"
validate.csv:1118,1,1,"[0.15440917015075684, 0.8455908298492432]"
validate.csv:1119,0,0,"[0.6305682063102722, 0.3694317936897278]"
validate.csv:1120,1,1,"[0.059219956398010254, 0.9407800436019897]"
validate.csv:1121,1,1,"[0.05696749687194824, 0.9430325031280518]"
validate.csv:1122,0,0,"[0.877403974533081, 0.12259604781866074]"
validate.csv:1123,1,1,"[0.054061710834503174, 0.9459382891654968]"
validate.csv:1124,1,1,"[0.016881942749023438, 0.9831180572509766]"
validate.csv:1125,1,1,"[0.08281326293945312, 0.9171867370605469]"
validate.csv:1126,1,1,"[0.10570329427719116, 0.8942967057228088]"
validate.csv:1127,0,0,"[0.7652868032455444, 0.23471316695213318]"
validate.csv:1128,1,1,"[0.09922921657562256, 0.9007707834243774]"
validate.csv:1129,0,1,"[0.08758413791656494, 0.9124158620834351]"
validate.csv:1130,0,0,"[0.8508349657058716, 0.1491650640964508]"
validate.csv:1131,0,0,"[0.7382057309150696, 0.2617942690849304]"
validate.csv:1132,0,0,"[0.7020542621612549, 0.29794570803642273]"
validate.csv:1133,0,1,"[0.45954012870788574, 0.5404598712921143]"
validate.csv:1134,0,0,"[0.6441893577575684, 0.35581067204475403]"
validate.csv:1135,1,1,"[0.28786951303482056, 0.7121304869651794]"
validate.csv:1136,1,1,"[0.018496036529541016, 0.981503963470459]"
validate.csv:1137,1,0,"[0.6261419653892517, 0.3738580346107483]"
validate.csv:1138,1,1,"[0.23298966884613037, 0.7670103311538696]"
validate.csv:1139,0,0,"[0.7743090987205505, 0.22569091618061066]"
validate.csv:1140,0,0,"[0.9149232506752014, 0.08507674932479858]"
validate.csv:1141,0,1,"[0.1576392650604248, 0.8423607349395752]"
validate.csv:1142,0,0,"[0.7800244092941284, 0.2199755609035492]"
validate.csv:1143,0,0,"[0.7088746428489685, 0.2911253571510315]"
validate.csv:1144,1,1,"[0.16253501176834106, 0.8374649882316589]"
validate.csv:1145,0,0,"[0.818104088306427, 0.181895911693573]"
validate.csv:1146,1,1,"[0.14188408851623535, 0.8581159114837646]"
validate.csv:1147,0,0,"[0.8117883205413818, 0.18821167945861816]"
validate.csv:1148,1,1,"[0.11722660064697266, 0.8827733993530273]"
validate.csv:1149,1,1,"[0.28319382667541504, 0.716806173324585]"
validate.csv:1150,1,1,"[0.04224950075149536, 0.9577504992485046]"
validate.csv:1151,1,1,"[0.020370781421661377, 0.9796292185783386]"
validate.csv:1152,1,1,"[0.027496039867401123, 0.9725039601325989]"
validate.csv:1153,1,1,"[0.036231398582458496, 0.9637686014175415]"
validate.csv:1154,1,1,"[0.040243446826934814, 0.9597565531730652]"
validate.csv:1155,1,1,"[0.35624343156814575, 0.6437565684318542]"
validate.csv:1156,1,1,"[0.2177371382713318, 0.7822628617286682]"
validate.csv:1157,1,1,"[0.03726416826248169, 0.9627358317375183]"
validate.csv:1158,0,0,"[0.8771271705627441, 0.12287282198667526]"
validate.csv:1159,1,1,"[0.06250709295272827, 0.9374929070472717]"
validate.csv:1160,0,0,"[0.8240512013435364, 0.17594878375530243]"
validate.csv:1161,0,1,"[0.06253135204315186, 0.9374686479568481]"
validate.csv:1162,1,1,"[0.01865750551223755, 0.9813424944877625]"
validate.csv:1163,1,1,"[0.2628828287124634, 0.7371171712875366]"
validate.csv:1164,1,0,"[0.7955855131149292, 0.2044144868850708]"
validate.csv:1165,1,1,"[0.04485660791397095, 0.955143392086029]"
validate.csv:1166,1,1,"[0.2438538670539856, 0.7561461329460144]"
validate.csv:1167,1,1,"[0.07486313581466675, 0.9251368641853333]"
validate.csv:1168,1,1,"[0.05658078193664551, 0.9434192180633545]"
validate.csv:1169,0,1,"[0.10016220808029175, 0.8998377919197083]"
validate.csv:1170,1,1,"[0.005934238433837891, 0.9940657615661621]"
validate.csv:1171,0,0,"[0.9371877908706665, 0.06281217932701111]"
validate.csv:1172,1,1,"[0.0077506303787231445, 0.9922493696212769]"
validate.csv:1173,1,1,"[0.053211987018585205, 0.9467880129814148]"
validate.csv:1174,1,1,"[0.2667347192764282, 0.7332652807235718]"
validate.csv:1175,0,1,"[0.1264238953590393, 0.8735761046409607]"
validate.csv:1176,0,0,"[0.7621617317199707, 0.23783829808235168]"
validate.csv:1177,0,0,"[0.788184642791748, 0.21181534230709076]"
validate.csv:1178,1,1,"[0.05171757936477661, 0.9482824206352234]"
validate.csv:1179,1,1,"[0.03366100788116455, 0.9663389921188354]"
validate.csv:1180,1,1,"[0.033233463764190674, 0.9667665362358093]"
validate.csv:1181,0,0,"[0.8234955668449402, 0.176504448056221]"
validate.csv:1182,0,1,"[0.2510044574737549, 0.7489955425262451]"
validate.csv:1183,1,1,"[0.1877765655517578, 0.8122234344482422]"
validate.csv:1184,0,0,"[0.8204391002655029, 0.17956092953681946]"
validate.csv:1185,1,1,"[0.032689809799194336, 0.9673101902008057]"
validate.csv:1186,1,1,"[0.015738606452941895, 0.9842613935470581]"
validate.csv:1187,0,1,"[0.30544936656951904, 0.694550633430481]"
validate.csv:1188,0,0,"[0.5012542605400085, 0.49874573945999146]"
validate.csv:1189,1,1,"[0.02778911590576172, 0.9722108840942383]"
validate.csv:1190,1,1,"[0.023369789123535156, 0.9766302108764648]"
validate.csv:1191,1,1,"[0.03324437141418457, 0.9667556285858154]"
validate.csv:1192,1,1,"[0.06279760599136353, 0.9372023940086365]"
validate.csv:1193,1,1,"[0.046299099922180176, 0.9537009000778198]"
validate.csv:1194,1,0,"[0.9188880920410156, 0.08111193031072617]"
validate.csv:1195,1,1,"[0.06005162000656128, 0.9399483799934387]"
validate.csv:1196,1,1,"[0.39675211906433105, 0.603247880935669]"
validate.csv:1197,1,1,"[0.03683286905288696, 0.963167130947113]"
validate.csv:1198,0,0,"[0.8951623439788818, 0.10483767837285995]"
validate.csv:1199,0,0,"[0.9032589197158813, 0.09674108028411865]"
validate.csv:1200,1,1,"[0.07893145084381104, 0.921068549156189]"
validate.csv:1201,1,1,"[0.06842285394668579, 0.9315771460533142]"
validate.csv:1202,0,0,"[0.9036929607391357, 0.09630705416202545]"
validate.csv:1203,0,0,"[0.5344763994216919, 0.4655235707759857]"
validate.csv:1204,1,1,"[0.07171034812927246, 0.9282896518707275]"
validate.csv:1205,1,1,"[0.07643163204193115, 0.9235683679580688]"
validate.csv:1206,1,1,"[0.014069199562072754, 0.9859308004379272]"
validate.csv:1207,1,1,"[0.033599674701690674, 0.9664003252983093]"
validate.csv:1208,1,1,"[0.11289423704147339, 0.8871057629585266]"
validate.csv:1209,1,1,"[0.08259540796279907, 0.9174045920372009]"
validate.csv:1210,1,1,"[0.050278306007385254, 0.9497216939926147]"
validate.csv:1211,1,1,"[0.02934354543685913, 0.9706564545631409]"
validate.csv:1212,1,1,"[0.05038106441497803, 0.949618935585022]"
validate.csv:1213,0,0,"[0.7795568704605103, 0.22044311463832855]"
validate.csv:1214,1,1,"[0.26497840881347656, 0.7350215911865234]"
validate.csv:1215,0,0,"[0.5746572017669678, 0.4253428280353546]"
validate.csv:1216,1,1,"[0.007507622241973877, 0.9924923777580261]"
validate.csv:1217,0,0,"[0.817272424697876, 0.18272759020328522]"
validate.csv:1218,1,1,"[0.14605361223220825, 0.8539463877677917]"
validate.csv:1219,1,1,"[0.01718848943710327, 0.9828115105628967]"
validate.csv:1220,0,0,"[0.6064691543579102, 0.39353087544441223]"
validate.csv:1221,1,1,"[0.014080524444580078, 0.9859194755554199]"
validate.csv:1222,1,0,"[0.8874796628952026, 0.11252032220363617]"
validate.csv:1223,1,1,"[0.044782400131225586, 0.9552175998687744]"
validate.csv:1224,1,1,"[0.12435901165008545, 0.8756409883499146]"
validate.csv:1225,1,1,"[0.11750328540802002, 0.88249671459198]"
validate.csv:1226,0,1,"[0.46434611082077026, 0.5356538891792297]"
validate.csv:1227,0,0,"[0.6649891138076782, 0.33501091599464417]"
validate.csv:1228,0,0,"[0.8483814001083374, 0.1516185998916626]"
validate.csv:1229,1,0,"[0.8370845317840576, 0.1629154533147812]"
validate.csv:1230,1,1,"[0.23383605480194092, 0.7661639451980591]"
validate.csv:1231,1,1,"[0.1607913374900818, 0.8392086625099182]"
validate.csv:1232,0,0,"[0.8674567937850952, 0.1325431913137436]"
validate.csv:1233,1,1,"[0.11342358589172363, 0.8865764141082764]"
validate.csv:1234,1,1,"[0.06893211603164673, 0.9310678839683533]"
validate.csv:1235,0,1,"[0.17988812923431396, 0.820111870765686]"
validate.csv:1236,1,1,"[0.03955042362213135, 0.9604495763778687]"
validate.csv:1237,1,1,"[0.1289796233177185, 0.8710203766822815]"
validate.csv:1238,1,1,"[0.060742318630218506, 0.9392576813697815]"
validate.csv:1239,0,0,"[0.8885741829872131, 0.11142581701278687]"
validate.csv:1240,1,1,"[0.02377074956893921, 0.9762292504310608]"
validate.csv:1241,0,0,"[0.8924928307533264, 0.10750715434551239]"
validate.csv:1242,0,0,"[0.8915116190910339, 0.10848838835954666]"
validate.csv:1243,1,1,"[0.024492323398590088, 0.9755076766014099]"
validate.csv:1244,0,1,"[0.24061912298202515, 0.7593808770179749]"
validate.csv:1245,1,1,"[0.2842594385147095, 0.7157405614852905]"
validate.csv:1246,1,1,"[0.028792917728424072, 0.9712070822715759]"
validate.csv:1247,1,1,"[0.05445796251296997, 0.94554203748703]"
validate.csv:1248,0,0,"[0.8944047689437866, 0.10559525340795517]"
validate.csv:1249,0,1,"[0.357784628868103, 0.642215371131897]"
validate.csv:1250,1,1,"[0.008657217025756836, 0.9913427829742432]"
validate.csv:1251,0,0,"[0.9518885016441345, 0.04811149835586548]"
validate.csv:1252,1,1,"[0.037664949893951416, 0.9623350501060486]"
validate.csv:1253,0,1,"[0.07835257053375244, 0.9216474294662476]"
validate.csv:1254,1,0,"[0.8613935112953186, 0.1386064738035202]"
validate.csv:1255,1,1,"[0.07734495401382446, 0.9226550459861755]"
validate.csv:1256,1,0,"[0.5018453598022461, 0.4981546700000763]"
validate.csv:1257,1,1,"[0.03643304109573364, 0.9635669589042664]"
validate.csv:1258,1,1,"[0.026149630546569824, 0.9738503694534302]"
validate.csv:1259,1,1,"[0.016858816146850586, 0.9831411838531494]"
validate.csv:1260,1,1,"[0.02948439121246338, 0.9705156087875366]"
validate.csv:1261,1,1,"[0.014746129512786865, 0.9852538704872131]"
validate.csv:1262,0,1,"[0.23572051525115967, 0.7642794847488403]"
validate.csv:1263,1,1,"[0.009205639362335205, 0.9907943606376648]"
validate.csv:1264,1,1,"[0.01181858777999878, 0.9881814122200012]"
validate.csv:1265,1,1,"[0.02808457612991333, 0.9719154238700867]"
validate.csv:1266,1,1,"[0.03910285234451294, 0.9608971476554871]"
validate.csv:1267,1,1,"[0.015620112419128418, 0.9843798875808716]"
validate.csv:1268,1,1,"[0.022326111793518066, 0.9776738882064819]"
validate.csv:1269,1,1,"[0.08887249231338501, 0.911127507686615]"
validate.csv:1270,1,1,"[0.021507084369659424, 0.9784929156303406]"
validate.csv:1271,1,0,"[0.6007975935935974, 0.3992024064064026]"
validate.csv:1272,1,1,"[0.056104302406311035, 0.943895697593689]"
validate.csv:1273,0,1,"[0.20954984426498413, 0.7904501557350159]"
validate.csv:1274,0,0,"[0.94489985704422, 0.05510016158223152]"
validate.csv:1275,1,1,"[0.2047821283340454, 0.7952178716659546]"
validate.csv:1276,0,0,"[0.854764461517334, 0.14523550868034363]"
validate.csv:1277,0,0,"[0.5065932273864746, 0.4934067726135254]"
validate.csv:1278,1,1,"[0.0367579460144043, 0.9632420539855957]"
validate.csv:1279,1,1,"[0.12203514575958252, 0.8779648542404175]"
validate.csv:1280,1,1,"[0.3005408048629761, 0.6994591951370239]"
validate.csv:1281,0,0,"[0.7760404348373413, 0.2239595651626587]"
validate.csv:1282,1,1,"[0.07894784212112427, 0.9210521578788757]"
validate.csv:1283,1,0,"[0.689139187335968, 0.310860812664032]"
validate.csv:1284,1,0,"[0.9180748462677002, 0.08192514628171921]"
validate.csv:1285,1,1,"[0.025675475597381592, 0.9743245244026184]"
validate.csv:1286,1,1,"[0.0321577787399292, 0.9678422212600708]"
validate.csv:1287,1,1,"[0.021187186241149902, 0.9788128137588501]"
validate.csv:1288,1,1,"[0.08191788196563721, 0.9180821180343628]"
validate.csv:1289,0,0,"[0.6887319087982178, 0.3112681210041046]"
validate.csv:1290,1,1,"[0.021801114082336426, 0.9781988859176636]"
validate.csv:1291,0,0,"[0.6371983289718628, 0.3628016710281372]"
validate.csv:1292,0,0,"[0.8782411813735962, 0.12175881862640381]"
validate.csv:1293,0,0,"[0.9096764922142029, 0.09032353013753891]"
validate.csv:1294,1,1,"[0.1163589358329773, 0.8836410641670227]"
validate.csv:1295,1,1,"[0.027971267700195312, 0.9720287322998047]"
validate.csv:1296,1,1,"[0.022683441638946533, 0.9773165583610535]"
validate.csv:1297,1,1,"[0.1257759928703308, 0.8742240071296692]"
validate.csv:1298,1,1,"[0.03315848112106323, 0.9668415188789368]"
validate.csv:1299,0,1,"[0.02905064821243286, 0.9709493517875671]"
validate.csv:1300,1,1,"[0.2339000701904297, 0.7660999298095703]"
validate.csv:1301,0,1,"[0.4855644702911377, 0.5144355297088623]"
validate.csv:1302,1,1,"[0.4721042513847351, 0.5278957486152649]"
validate.csv:1303,1,1,"[0.05214613676071167, 0.9478538632392883]"
validate.csv:1304,0,1,"[0.1007956862449646, 0.8992043137550354]"
validate.csv:1305,0,0,"[0.9571571350097656, 0.04284286871552467]"
validate.csv:1306,0,1,"[0.10847294330596924, 0.8915270566940308]"
validate.csv:1307,1,1,"[0.056874215602874756, 0.9431257843971252]"
validate.csv:1308,1,1,"[0.03661084175109863, 0.9633891582489014]"
validate.csv:1309,1,1,"[0.2489715814590454, 0.7510284185409546]"
validate.csv:1310,0,0,"[0.7386727333068848, 0.26132726669311523]"
validate.csv:1311,1,1,"[0.009515166282653809, 0.9904848337173462]"
validate.csv:1312,1,1,"[0.010173201560974121, 0.9898267984390259]"
validate.csv:1313,1,1,"[0.03393512964248657, 0.9660648703575134]"
validate.csv:1314,1,1,"[0.017430126667022705, 0.9825698733329773]"
validate.csv:1315,0,0,"[0.5854600071907043, 0.41453999280929565]"
validate.csv:1316,1,1,"[0.02200561761856079, 0.9779943823814392]"
validate.csv:1317,1,1,"[0.04670780897140503, 0.953292191028595]"
validate.csv:1318,0,0,"[0.8413857817649841, 0.15861421823501587]"
validate.csv:1319,1,1,"[0.1416603922843933, 0.8583396077156067]"
validate.csv:1320,0,0,"[0.7250678539276123, 0.2749321460723877]"
validate.csv:1321,0,0,"[0.8530882596969604, 0.14691172540187836]"
validate.csv:1322,1,1,"[0.022967100143432617, 0.9770328998565674]"
validate.csv:1323,1,1,"[0.23775941133499146, 0.7622405886650085]"
validate.csv:1324,1,1,"[0.028456032276153564, 0.9715439677238464]"
validate.csv:1325,1,1,"[0.038022756576538086, 0.9619772434234619]"
validate.csv:1326,0,1,"[0.24746614694595337, 0.7525338530540466]"
validate.csv:1327,1,1,"[0.31071972846984863, 0.6892802715301514]"
validate.csv:1328,0,0,"[0.9251631498336792, 0.07483687251806259]"
validate.csv:1329,0,1,"[0.15770137310028076, 0.8422986268997192]"
validate.csv:1330,1,1,"[0.0552791953086853, 0.9447208046913147]"
validate.csv:1331,0,1,"[0.15985924005508423, 0.8401407599449158]"
validate.csv:1332,1,1,"[0.29283881187438965, 0.7071611881256104]"
validate.csv:1333,0,0,"[0.7913143038749695, 0.2086857110261917]"
validate.csv:1334,1,1,"[0.09103471040725708, 0.9089652895927429]"
validate.csv:1335,1,1,"[0.029971659183502197, 0.9700283408164978]"
